"id","name","current_source","bing_denivelation","bing_elevation_en","bing_opoznai","bing_wikiloc","bing_alltrails","bing_komoot","bing_bgmountains"
"142","Алея на Боснешкия карст","Текстов файл, предоставен от потребителя","https://www.bing.com/search?q=%D0%90%D0%BB%D0%B5%D1%8F%20%D0%BD%D0%B0%20%D0%91%D0%BE%D1%81%D0%BD%D0%B5%D1%88%D0%BA%D0%B8%D1%8F%20%D0%BA%D0%B0%D1%80%D1%81%D1%82%20%D0%B4%D0%B5%D0%BD%D0%B8%D0%B2%D0%B5%D0%BB%D0%B0%D1%86%D0%B8%D1%8F","https://www.bing.com/search?q=%D0%90%D0%BB%D0%B5%D1%8F%20%D0%BD%D0%B0%20%D0%91%D0%BE%D1%81%D0%BD%D0%B5%D1%88%D0%BA%D0%B8%D1%8F%20%D0%BA%D0%B0%D1%80%D1%81%D1%82%20elevation%20gain","https://www.bing.com/search?q=site%3Aopoznai.bg%20%D0%90%D0%BB%D0%B5%D1%8F%20%D0%BD%D0%B0%20%D0%91%D0%BE%D1%81%D0%BD%D0%B5%D1%88%D0%BA%D0%B8%D1%8F%20%D0%BA%D0%B0%D1%80%D1%81%D1%82","https://www.bing.com/search?q=site%3Awikiloc.com%20%D0%90%D0%BB%D0%B5%D1%8F%20%D0%BD%D0%B0%20%D0%91%D0%BE%D1%81%D0%BD%D0%B5%D1%88%D0%BA%D0%B8%D1%8F%20%D0%BA%D0%B0%D1%80%D1%81%D1%82","https://www.bing.com/search?q=site%3Aalltrails.com%20%D0%90%D0%BB%D0%B5%D1%8F%20%D0%BD%D0%B0%20%D0%91%D0%BE%D1%81%D0%BD%D0%B5%D1%88%D0%BA%D0%B8%D1%8F%20%D0%BA%D0%B0%D1%80%D1%81%D1%82","https://www.bing.com/search?q=site%3Akomoot.com%20%D0%90%D0%BB%D0%B5%D1%8F%20%D0%BD%D0%B0%20%D0%91%D0%BE%D1%81%D0%BD%D0%B5%D1%88%D0%BA%D0%B8%D1%8F%20%D0%BA%D0%B0%D1%80%D1%81%D1%82","https://www.bing.com/search?q=site%3Abgmountains.org%20%D0%90%D0%BB%D0%B5%D1%8F%20%D0%BD%D0%B0%20%D0%91%D0%BE%D1%81%D0%BD%D0%B5%D1%88%D0%BA%D0%B8%D1%8F%20%D0%BA%D0%B0%D1%80%D1%81%D1%82"
"64","Врачанска екопътека","Природен парк 'Врачански Балкан'","https://www.bing.com/search?q=%D0%92%D1%80%D0%B0%D1%87%D0%B0%D0%BD%D1%81%D0%BA%D0%B0%20%D0%B5%D0%BA%D0%BE%D0%BF%D1%8A%D1%82%D0%B5%D0%BA%D0%B0%20%D0%B4%D0%B5%D0%BD%D0%B8%D0%B2%D0%B5%D0%BB%D0%B0%D1%86%D0%B8%D1%8F","https://www.bing.com/search?q=%D0%92%D1%80%D0%B0%D1%87%D0%B0%D0%BD%D1%81%D0%BA%D0%B0%20%D0%B5%D0%BA%D0%BE%D0%BF%D1%8A%D1%82%D0%B5%D0%BA%D0%B0%20elevation%20gain","https://www.bing.com/search?q=site%3Aopoznai.bg%20%D0%92%D1%80%D0%B0%D1%87%D0%B0%D0%BD%D1%81%D0%BA%D0%B0%20%D0%B5%D0%BA%D0%BE%D0%BF%D1%8A%D1%82%D0%B5%D0%BA%D0%B0","https://www.bing.com/search?q=site%3Awikiloc.com%20%D0%92%D1%80%D0%B0%D1%87%D0%B0%D0%BD%D1%81%D0%BA%D0%B0%20%D0%B5%D0%BA%D0%BE%D0%BF%D1%8A%D1%82%D0%B5%D0%BA%D0%B0","https://www.bing.com/search?q=site%3Aalltrails.com%20%D0%92%D1%80%D0%B0%D1%87%D0%B0%D0%BD%D1%81%D0%BA%D0%B0%20%D0%B5%D0%BA%D0%BE%D0%BF%D1%8A%D1%82%D0%B5%D0%BA%D0%B0","https://www.bing.com/search?q=site%3Akomoot.com%20%D0%92%D1%80%D0%B0%D1%87%D0%B0%D0%BD%D1%81%D0%BA%D0%B0%20%D0%B5%D0%BA%D0%BE%D0%BF%D1%8A%D1%82%D0%B5%D0%BA%D0%B0","https://www.bing.com/search?q=site%3Abgmountains.org%20%D0%92%D1%80%D0%B0%D1%87%D0%B0%D0%BD%D1%81%D0%BA%D0%B0%20%D0%B5%D0%BA%D0%BE%D0%BF%D1%8A%D1%82%D0%B5%D0%BA%D0%B0"
"102","Екопътека ""Горица""","https://opoznai.bg/","https://www.bing.com/search?q=%D0%95%D0%BA%D0%BE%D0%BF%D1%8A%D1%82%D0%B5%D0%BA%D0%B0%20%22%D0%93%D0%BE%D1%80%D0%B8%D1%86%D0%B0%22%20%D0%B4%D0%B5%D0%BD%D0%B8%D0%B2%D0%B5%D0%BB%D0%B0%D1%86%D0%B8%D1%8F","https://www.bing.com/search?q=%D0%95%D0%BA%D0%BE%D0%BF%D1%8A%D1%82%D0%B5%D0%BA%D0%B0%20%22%D0%93%D0%BE%D1%80%D0%B8%D1%86%D0%B0%22%20elevation%20gain","https://www.bing.com/search?q=site%3Aopoznai.bg%20%D0%95%D0%BA%D0%BE%D0%BF%D1%8A%D1%82%D0%B5%D0%BA%D0%B0%20%22%D0%93%D0%BE%D1%80%D0%B8%D1%86%D0%B0%22","https://www.bing.com/search?q=site%3Awikiloc.com%20%D0%95%D0%BA%D0%BE%D0%BF%D1%8A%D1%82%D0%B5%D0%BA%D0%B0%20%22%D0%93%D0%BE%D1%80%D0%B8%D1%86%D0%B0%22","https://www.bing.com/search?q=site%3Aalltrails.com%20%D0%95%D0%BA%D0%BE%D0%BF%D1%8A%D1%82%D0%B5%D0%BA%D0%B0%20%22%D0%93%D0%BE%D1%80%D0%B8%D1%86%D0%B0%22","https://www.bing.com/search?q=site%3Akomoot.com%20%D0%95%D0%BA%D0%BE%D0%BF%D1%8A%D1%82%D0%B5%D0%BA%D0%B0%20%22%D0%93%D0%BE%D1%80%D0%B8%D1%86%D0%B0%22","https://www.bing.com/search?q=site%3Abgmountains.org%20%D0%95%D0%BA%D0%BE%D0%BF%D1%8A%D1%82%D0%B5%D0%BA%D0%B0%20%22%D0%93%D0%BE%D1%80%D0%B8%D1%86%D0%B0%22"
"87","Екопътека ""Градище-Кметовци""","https://opoznai.bg/","https://www.bing.com/search?q=%D0%95%D0%BA%D0%BE%D0%BF%D1%8A%D1%82%D0%B5%D0%BA%D0%B0%20%22%D0%93%D1%80%D0%B0%D0%B4%D0%B8%D1%89%D0%B5-%D0%9A%D0%BC%D0%B5%D1%82%D0%BE%D0%B2%D1%86%D0%B8%22%20%D0%B4%D0%B5%D0%BD%D0%B8%D0%B2%D0%B5%D0%BB%D0%B0%D1%86%D0%B8%D1%8F","https://www.bing.com/search?q=%D0%95%D0%BA%D0%BE%D0%BF%D1%8A%D1%82%D0%B5%D0%BA%D0%B0%20%22%D0%93%D1%80%D0%B0%D0%B4%D0%B8%D1%89%D0%B5-%D0%9A%D0%BC%D0%B5%D1%82%D0%BE%D0%B2%D1%86%D0%B8%22%20elevation%20gain","https://www.bing.com/search?q=site%3Aopoznai.bg%20%D0%95%D0%BA%D0%BE%D0%BF%D1%8A%D1%82%D0%B5%D0%BA%D0%B0%20%22%D0%93%D1%80%D0%B0%D0%B4%D0%B8%D1%89%D0%B5-%D0%9A%D0%BC%D0%B5%D1%82%D0%BE%D0%B2%D1%86%D0%B8%22","https://www.bing.com/search?q=site%3Awikiloc.com%20%D0%95%D0%BA%D0%BE%D0%BF%D1%8A%D1%82%D0%B5%D0%BA%D0%B0%20%22%D0%93%D1%80%D0%B0%D0%B4%D0%B8%D1%89%D0%B5-%D0%9A%D0%BC%D0%B5%D1%82%D0%BE%D0%B2%D1%86%D0%B8%22","https://www.bing.com/search?q=site%3Aalltrails.com%20%D0%95%D0%BA%D0%BE%D0%BF%D1%8A%D1%82%D0%B5%D0%BA%D0%B0%20%22%D0%93%D1%80%D0%B0%D0%B4%D0%B8%D1%89%D0%B5-%D0%9A%D0%BC%D0%B5%D1%82%D0%BE%D0%B2%D1%86%D0%B8%22","https://www.bing.com/search?q=site%3Akomoot.com%20%D0%95%D0%BA%D0%BE%D0%BF%D1%8A%D1%82%D0%B5%D0%BA%D0%B0%20%22%D0%93%D1%80%D0%B0%D0%B4%D0%B8%D1%89%D0%B5-%D0%9A%D0%BC%D0%B5%D1%82%D0%BE%D0%B2%D1%86%D0%B8%22","https://www.bing.com/search?q=site%3Abgmountains.org%20%D0%95%D0%BA%D0%BE%D0%BF%D1%8A%D1%82%D0%B5%D0%BA%D0%B0%20%22%D0%93%D1%80%D0%B0%D0%B4%D0%B8%D1%89%D0%B5-%D0%9A%D0%BC%D0%B5%D1%82%D0%BE%D0%B2%D1%86%D0%B8%22"
"88","Екопътека ""Градище-пазителката на прохода""","https://opoznai.bg/","https://www.bing.com/search?q=%D0%95%D0%BA%D0%BE%D0%BF%D1%8A%D1%82%D0%B5%D0%BA%D0%B0%20%22%D0%93%D1%80%D0%B0%D0%B4%D0%B8%D1%89%D0%B5-%D0%BF%D0%B0%D0%B7%D0%B8%D1%82%D0%B5%D0%BB%D0%BA%D0%B0%D1%82%D0%B0%20%D0%BD%D0%B0%20%D0%BF%D1%80%D0%BE%D1%85%D0%BE%D0%B4%D0%B0%22%20%D0%B4%D0%B5%D0%BD%D0%B8%D0%B2%D0%B5%D0%BB%D0%B0%D1%86%D0%B8%D1%8F","https://www.bing.com/search?q=%D0%95%D0%BA%D0%BE%D0%BF%D1%8A%D1%82%D0%B5%D0%BA%D0%B0%20%22%D0%93%D1%80%D0%B0%D0%B4%D0%B8%D1%89%D0%B5-%D0%BF%D0%B0%D0%B7%D0%B8%D1%82%D0%B5%D0%BB%D0%BA%D0%B0%D1%82%D0%B0%20%D0%BD%D0%B0%20%D0%BF%D1%80%D0%BE%D1%85%D0%BE%D0%B4%D0%B0%22%20elevation%20gain","https://www.bing.com/search?q=site%3Aopoznai.bg%20%D0%95%D0%BA%D0%BE%D0%BF%D1%8A%D1%82%D0%B5%D0%BA%D0%B0%20%22%D0%93%D1%80%D0%B0%D0%B4%D0%B8%D1%89%D0%B5-%D0%BF%D0%B0%D0%B7%D0%B8%D1%82%D0%B5%D0%BB%D0%BA%D0%B0%D1%82%D0%B0%20%D0%BD%D0%B0%20%D0%BF%D1%80%D0%BE%D1%85%D0%BE%D0%B4%D0%B0%22","https://www.bing.com/search?q=site%3Awikiloc.com%20%D0%95%D0%BA%D0%BE%D0%BF%D1%8A%D1%82%D0%B5%D0%BA%D0%B0%20%22%D0%93%D1%80%D0%B0%D0%B4%D0%B8%D1%89%D0%B5-%D0%BF%D0%B0%D0%B7%D0%B8%D1%82%D0%B5%D0%BB%D0%BA%D0%B0%D1%82%D0%B0%20%D0%BD%D0%B0%20%D0%BF%D1%80%D0%BE%D1%85%D0%BE%D0%B4%D0%B0%22","https://www.bing.com/search?q=site%3Aalltrails.com%20%D0%95%D0%BA%D0%BE%D0%BF%D1%8A%D1%82%D0%B5%D0%BA%D0%B0%20%22%D0%93%D1%80%D0%B0%D0%B4%D0%B8%D1%89%D0%B5-%D0%BF%D0%B0%D0%B7%D0%B8%D1%82%D0%B5%D0%BB%D0%BA%D0%B0%D1%82%D0%B0%20%D0%BD%D0%B0%20%D0%BF%D1%80%D0%BE%D1%85%D0%BE%D0%B4%D0%B0%22","https://www.bing.com/search?q=site%3Akomoot.com%20%D0%95%D0%BA%D0%BE%D0%BF%D1%8A%D1%82%D0%B5%D0%BA%D0%B0%20%22%D0%93%D1%80%D0%B0%D0%B4%D0%B8%D1%89%D0%B5-%D0%BF%D0%B0%D0%B7%D0%B8%D1%82%D0%B5%D0%BB%D0%BA%D0%B0%D1%82%D0%B0%20%D0%BD%D0%B0%20%D0%BF%D1%80%D0%BE%D1%85%D0%BE%D0%B4%D0%B0%22","https://www.bing.com/search?q=site%3Abgmountains.org%20%D0%95%D0%BA%D0%BE%D0%BF%D1%8A%D1%82%D0%B5%D0%BA%D0%B0%20%22%D0%93%D1%80%D0%B0%D0%B4%D0%B8%D1%89%D0%B5-%D0%BF%D0%B0%D0%B7%D0%B8%D1%82%D0%B5%D0%BB%D0%BA%D0%B0%D1%82%D0%B0%20%D0%BD%D0%B0%20%D0%BF%D1%80%D0%BE%D1%85%D0%BE%D0%B4%D0%B0%22"
"101","Екопътека ""Екот от камбанен звън"" – Рибарица","https://opoznai.bg/","https://www.bing.com/search?q=%D0%95%D0%BA%D0%BE%D0%BF%D1%8A%D1%82%D0%B5%D0%BA%D0%B0%20%22%D0%95%D0%BA%D0%BE%D1%82%20%D0%BE%D1%82%20%D0%BA%D0%B0%D0%BC%D0%B1%D0%B0%D0%BD%D0%B5%D0%BD%20%D0%B7%D0%B2%D1%8A%D0%BD%22%20%E2%80%93%20%D0%A0%D0%B8%D0%B1%D0%B0%D1%80%D0%B8%D1%86%D0%B0%20%D0%B4%D0%B5%D0%BD%D0%B8%D0%B2%D0%B5%D0%BB%D0%B0%D1%86%D0%B8%D1%8F","https://www.bing.com/search?q=%D0%95%D0%BA%D0%BE%D0%BF%D1%8A%D1%82%D0%B5%D0%BA%D0%B0%20%22%D0%95%D0%BA%D0%BE%D1%82%20%D0%BE%D1%82%20%D0%BA%D0%B0%D0%BC%D0%B1%D0%B0%D0%BD%D0%B5%D0%BD%20%D0%B7%D0%B2%D1%8A%D0%BD%22%20%E2%80%93%20%D0%A0%D0%B8%D0%B1%D0%B0%D1%80%D0%B8%D1%86%D0%B0%20elevation%20gain","https://www.bing.com/search?q=site%3Aopoznai.bg%20%D0%95%D0%BA%D0%BE%D0%BF%D1%8A%D1%82%D0%B5%D0%BA%D0%B0%20%22%D0%95%D0%BA%D0%BE%D1%82%20%D0%BE%D1%82%20%D0%BA%D0%B0%D0%BC%D0%B1%D0%B0%D0%BD%D0%B5%D0%BD%20%D0%B7%D0%B2%D1%8A%D0%BD%22%20%E2%80%93%20%D0%A0%D0%B8%D0%B1%D0%B0%D1%80%D0%B8%D1%86%D0%B0","https://www.bing.com/search?q=site%3Awikiloc.com%20%D0%95%D0%BA%D0%BE%D0%BF%D1%8A%D1%82%D0%B5%D0%BA%D0%B0%20%22%D0%95%D0%BA%D0%BE%D1%82%20%D0%BE%D1%82%20%D0%BA%D0%B0%D0%BC%D0%B1%D0%B0%D0%BD%D0%B5%D0%BD%20%D0%B7%D0%B2%D1%8A%D0%BD%22%20%E2%80%93%20%D0%A0%D0%B8%D0%B1%D0%B0%D1%80%D0%B8%D1%86%D0%B0","https://www.bing.com/search?q=site%3Aalltrails.com%20%D0%95%D0%BA%D0%BE%D0%BF%D1%8A%D1%82%D0%B5%D0%BA%D0%B0%20%22%D0%95%D0%BA%D0%BE%D1%82%20%D0%BE%D1%82%20%D0%BA%D0%B0%D0%BC%D0%B1%D0%B0%D0%BD%D0%B5%D0%BD%20%D0%B7%D0%B2%D1%8A%D0%BD%22%20%E2%80%93%20%D0%A0%D0%B8%D0%B1%D0%B0%D1%80%D0%B8%D1%86%D0%B0","https://www.bing.com/search?q=site%3Akomoot.com%20%D0%95%D0%BA%D0%BE%D0%BF%D1%8A%D1%82%D0%B5%D0%BA%D0%B0%20%22%D0%95%D0%BA%D0%BE%D1%82%20%D0%BE%D1%82%20%D0%BA%D0%B0%D0%BC%D0%B1%D0%B0%D0%BD%D0%B5%D0%BD%20%D0%B7%D0%B2%D1%8A%D0%BD%22%20%E2%80%93%20%D0%A0%D0%B8%D0%B1%D0%B0%D1%80%D0%B8%D1%86%D0%B0","https://www.bing.com/search?q=site%3Abgmountains.org%20%D0%95%D0%BA%D0%BE%D0%BF%D1%8A%D1%82%D0%B5%D0%BA%D0%B0%20%22%D0%95%D0%BA%D0%BE%D1%82%20%D0%BE%D1%82%20%D0%BA%D0%B0%D0%BC%D0%B1%D0%B0%D0%BD%D0%B5%D0%BD%20%D0%B7%D0%B2%D1%8A%D0%BD%22%20%E2%80%93%20%D0%A0%D0%B8%D0%B1%D0%B0%D1%80%D0%B8%D1%86%D0%B0"
"446","Екопътека ""Знамето"" – с. Младен","https://opoznai.bg/","https://www.bing.com/search?q=%D0%95%D0%BA%D0%BE%D0%BF%D1%8A%D1%82%D0%B5%D0%BA%D0%B0%20%22%D0%97%D0%BD%D0%B0%D0%BC%D0%B5%D1%82%D0%BE%22%20%E2%80%93%20%D1%81.%20%D0%9C%D0%BB%D0%B0%D0%B4%D0%B5%D0%BD%20%D0%B4%D0%B5%D0%BD%D0%B8%D0%B2%D0%B5%D0%BB%D0%B0%D1%86%D0%B8%D1%8F","https://www.bing.com/search?q=%D0%95%D0%BA%D0%BE%D0%BF%D1%8A%D1%82%D0%B5%D0%BA%D0%B0%20%22%D0%97%D0%BD%D0%B0%D0%BC%D0%B5%D1%82%D0%BE%22%20%E2%80%93%20%D1%81.%20%D0%9C%D0%BB%D0%B0%D0%B4%D0%B5%D0%BD%20elevation%20gain","https://www.bing.com/search?q=site%3Aopoznai.bg%20%D0%95%D0%BA%D0%BE%D0%BF%D1%8A%D1%82%D0%B5%D0%BA%D0%B0%20%22%D0%97%D0%BD%D0%B0%D0%BC%D0%B5%D1%82%D0%BE%22%20%E2%80%93%20%D1%81.%20%D0%9C%D0%BB%D0%B0%D0%B4%D0%B5%D0%BD","https://www.bing.com/search?q=site%3Awikiloc.com%20%D0%95%D0%BA%D0%BE%D0%BF%D1%8A%D1%82%D0%B5%D0%BA%D0%B0%20%22%D0%97%D0%BD%D0%B0%D0%BC%D0%B5%D1%82%D0%BE%22%20%E2%80%93%20%D1%81.%20%D0%9C%D0%BB%D0%B0%D0%B4%D0%B5%D0%BD","https://www.bing.com/search?q=site%3Aalltrails.com%20%D0%95%D0%BA%D0%BE%D0%BF%D1%8A%D1%82%D0%B5%D0%BA%D0%B0%20%22%D0%97%D0%BD%D0%B0%D0%BC%D0%B5%D1%82%D0%BE%22%20%E2%80%93%20%D1%81.%20%D0%9C%D0%BB%D0%B0%D0%B4%D0%B5%D0%BD","https://www.bing.com/search?q=site%3Akomoot.com%20%D0%95%D0%BA%D0%BE%D0%BF%D1%8A%D1%82%D0%B5%D0%BA%D0%B0%20%22%D0%97%D0%BD%D0%B0%D0%BC%D0%B5%D1%82%D0%BE%22%20%E2%80%93%20%D1%81.%20%D0%9C%D0%BB%D0%B0%D0%B4%D0%B5%D0%BD","https://www.bing.com/search?q=site%3Abgmountains.org%20%D0%95%D0%BA%D0%BE%D0%BF%D1%8A%D1%82%D0%B5%D0%BA%D0%B0%20%22%D0%97%D0%BD%D0%B0%D0%BC%D0%B5%D1%82%D0%BE%22%20%E2%80%93%20%D1%81.%20%D0%9C%D0%BB%D0%B0%D0%B4%D0%B5%D0%BD"
"219","Екопътека ""Манастира""","Текстов файл, предоставен от потребителя","https://www.bing.com/search?q=%D0%95%D0%BA%D0%BE%D0%BF%D1%8A%D1%82%D0%B5%D0%BA%D0%B0%20%22%D0%9C%D0%B0%D0%BD%D0%B0%D1%81%D1%82%D0%B8%D1%80%D0%B0%22%20%D0%B4%D0%B5%D0%BD%D0%B8%D0%B2%D0%B5%D0%BB%D0%B0%D1%86%D0%B8%D1%8F","https://www.bing.com/search?q=%D0%95%D0%BA%D0%BE%D0%BF%D1%8A%D1%82%D0%B5%D0%BA%D0%B0%20%22%D0%9C%D0%B0%D0%BD%D0%B0%D1%81%D1%82%D0%B8%D1%80%D0%B0%22%20elevation%20gain","https://www.bing.com/search?q=site%3Aopoznai.bg%20%D0%95%D0%BA%D0%BE%D0%BF%D1%8A%D1%82%D0%B5%D0%BA%D0%B0%20%22%D0%9C%D0%B0%D0%BD%D0%B0%D1%81%D1%82%D0%B8%D1%80%D0%B0%22","https://www.bing.com/search?q=site%3Awikiloc.com%20%D0%95%D0%BA%D0%BE%D0%BF%D1%8A%D1%82%D0%B5%D0%BA%D0%B0%20%22%D0%9C%D0%B0%D0%BD%D0%B0%D1%81%D1%82%D0%B8%D1%80%D0%B0%22","https://www.bing.com/search?q=site%3Aalltrails.com%20%D0%95%D0%BA%D0%BE%D0%BF%D1%8A%D1%82%D0%B5%D0%BA%D0%B0%20%22%D0%9C%D0%B0%D0%BD%D0%B0%D1%81%D1%82%D0%B8%D1%80%D0%B0%22","https://www.bing.com/search?q=site%3Akomoot.com%20%D0%95%D0%BA%D0%BE%D0%BF%D1%8A%D1%82%D0%B5%D0%BA%D0%B0%20%22%D0%9C%D0%B0%D0%BD%D0%B0%D1%81%D1%82%D0%B8%D1%80%D0%B0%22","https://www.bing.com/search?q=site%3Abgmountains.org%20%D0%95%D0%BA%D0%BE%D0%BF%D1%8A%D1%82%D0%B5%D0%BA%D0%B0%20%22%D0%9C%D0%B0%D0%BD%D0%B0%D1%81%D1%82%D0%B8%D1%80%D0%B0%22"
"505","Екопътека до Водопад ""Скока""","https://opoznai.bg/","https://www.bing.com/search?q=%D0%95%D0%BA%D0%BE%D0%BF%D1%8A%D1%82%D0%B5%D0%BA%D0%B0%20%D0%B4%D0%BE%20%D0%92%D0%BE%D0%B4%D0%BE%D0%BF%D0%B0%D0%B4%20%22%D0%A1%D0%BA%D0%BE%D0%BA%D0%B0%22%20%D0%B4%D0%B5%D0%BD%D0%B8%D0%B2%D0%B5%D0%BB%D0%B0%D1%86%D0%B8%D1%8F","https://www.bing.com/search?q=%D0%95%D0%BA%D0%BE%D0%BF%D1%8A%D1%82%D0%B5%D0%BA%D0%B0%20%D0%B4%D0%BE%20%D0%92%D0%BE%D0%B4%D0%BE%D0%BF%D0%B0%D0%B4%20%22%D0%A1%D0%BA%D0%BE%D0%BA%D0%B0%22%20elevation%20gain","https://www.bing.com/search?q=site%3Aopoznai.bg%20%D0%95%D0%BA%D0%BE%D0%BF%D1%8A%D1%82%D0%B5%D0%BA%D0%B0%20%D0%B4%D0%BE%20%D0%92%D0%BE%D0%B4%D0%BE%D0%BF%D0%B0%D0%B4%20%22%D0%A1%D0%BA%D0%BE%D0%BA%D0%B0%22","https://www.bing.com/search?q=site%3Awikiloc.com%20%D0%95%D0%BA%D0%BE%D0%BF%D1%8A%D1%82%D0%B5%D0%BA%D0%B0%20%D0%B4%D0%BE%20%D0%92%D0%BE%D0%B4%D0%BE%D0%BF%D0%B0%D0%B4%20%22%D0%A1%D0%BA%D0%BE%D0%BA%D0%B0%22","https://www.bing.com/search?q=site%3Aalltrails.com%20%D0%95%D0%BA%D0%BE%D0%BF%D1%8A%D1%82%D0%B5%D0%BA%D0%B0%20%D0%B4%D0%BE%20%D0%92%D0%BE%D0%B4%D0%BE%D0%BF%D0%B0%D0%B4%20%22%D0%A1%D0%BA%D0%BE%D0%BA%D0%B0%22","https://www.bing.com/search?q=site%3Akomoot.com%20%D0%95%D0%BA%D0%BE%D0%BF%D1%8A%D1%82%D0%B5%D0%BA%D0%B0%20%D0%B4%D0%BE%20%D0%92%D0%BE%D0%B4%D0%BE%D0%BF%D0%B0%D0%B4%20%22%D0%A1%D0%BA%D0%BE%D0%BA%D0%B0%22","https://www.bing.com/search?q=site%3Abgmountains.org%20%D0%95%D0%BA%D0%BE%D0%BF%D1%8A%D1%82%D0%B5%D0%BA%D0%B0%20%D0%B4%D0%BE%20%D0%92%D0%BE%D0%B4%D0%BE%D0%BF%D0%B0%D0%B4%20%22%D0%A1%D0%BA%D0%BE%D0%BA%D0%B0%22"
"411","Екопътека до местност Самоковището","https://opoznai.bg/","https://www.bing.com/search?q=%D0%95%D0%BA%D0%BE%D0%BF%D1%8A%D1%82%D0%B5%D0%BA%D0%B0%20%D0%B4%D0%BE%20%D0%BC%D0%B5%D1%81%D1%82%D0%BD%D0%BE%D1%81%D1%82%20%D0%A1%D0%B0%D0%BC%D0%BE%D0%BA%D0%BE%D0%B2%D0%B8%D1%89%D0%B5%D1%82%D0%BE%20%D0%B4%D0%B5%D0%BD%D0%B8%D0%B2%D0%B5%D0%BB%D0%B0%D1%86%D0%B8%D1%8F","https://www.bing.com/search?q=%D0%95%D0%BA%D0%BE%D0%BF%D1%8A%D1%82%D0%B5%D0%BA%D0%B0%20%D0%B4%D0%BE%20%D0%BC%D0%B5%D1%81%D1%82%D0%BD%D0%BE%D1%81%D1%82%20%D0%A1%D0%B0%D0%BC%D0%BE%D0%BA%D0%BE%D0%B2%D0%B8%D1%89%D0%B5%D1%82%D0%BE%20elevation%20gain","https://www.bing.com/search?q=site%3Aopoznai.bg%20%D0%95%D0%BA%D0%BE%D0%BF%D1%8A%D1%82%D0%B5%D0%BA%D0%B0%20%D0%B4%D0%BE%20%D0%BC%D0%B5%D1%81%D1%82%D0%BD%D0%BE%D1%81%D1%82%20%D0%A1%D0%B0%D0%BC%D0%BE%D0%BA%D0%BE%D0%B2%D0%B8%D1%89%D0%B5%D1%82%D0%BE","https://www.bing.com/search?q=site%3Awikiloc.com%20%D0%95%D0%BA%D0%BE%D0%BF%D1%8A%D1%82%D0%B5%D0%BA%D0%B0%20%D0%B4%D0%BE%20%D0%BC%D0%B5%D1%81%D1%82%D0%BD%D0%BE%D1%81%D1%82%20%D0%A1%D0%B0%D0%BC%D0%BE%D0%BA%D0%BE%D0%B2%D0%B8%D1%89%D0%B5%D1%82%D0%BE","https://www.bing.com/search?q=site%3Aalltrails.com%20%D0%95%D0%BA%D0%BE%D0%BF%D1%8A%D1%82%D0%B5%D0%BA%D0%B0%20%D0%B4%D0%BE%20%D0%BC%D0%B5%D1%81%D1%82%D0%BD%D0%BE%D1%81%D1%82%20%D0%A1%D0%B0%D0%BC%D0%BE%D0%BA%D0%BE%D0%B2%D0%B8%D1%89%D0%B5%D1%82%D0%BE","https://www.bing.com/search?q=site%3Akomoot.com%20%D0%95%D0%BA%D0%BE%D0%BF%D1%8A%D1%82%D0%B5%D0%BA%D0%B0%20%D0%B4%D0%BE%20%D0%BC%D0%B5%D1%81%D1%82%D0%BD%D0%BE%D1%81%D1%82%20%D0%A1%D0%B0%D0%BC%D0%BE%D0%BA%D0%BE%D0%B2%D0%B8%D1%89%D0%B5%D1%82%D0%BE","https://www.bing.com/search?q=site%3Abgmountains.org%20%D0%95%D0%BA%D0%BE%D0%BF%D1%8A%D1%82%D0%B5%D0%BA%D0%B0%20%D0%B4%D0%BE%20%D0%BC%D0%B5%D1%81%D1%82%D0%BD%D0%BE%D1%81%D1%82%20%D0%A1%D0%B0%D0%BC%D0%BE%D0%BA%D0%BE%D0%B2%D0%B8%D1%89%D0%B5%D1%82%D0%BE"
"412","Екопътека и Водопади ""Бохемия"" – Рила","https://opoznai.bg/","https://www.bing.com/search?q=%D0%95%D0%BA%D0%BE%D0%BF%D1%8A%D1%82%D0%B5%D0%BA%D0%B0%20%D0%B8%20%D0%92%D0%BE%D0%B4%D0%BE%D0%BF%D0%B0%D0%B4%D0%B8%20%22%D0%91%D0%BE%D1%85%D0%B5%D0%BC%D0%B8%D1%8F%22%20%E2%80%93%20%D0%A0%D0%B8%D0%BB%D0%B0%20%D0%B4%D0%B5%D0%BD%D0%B8%D0%B2%D0%B5%D0%BB%D0%B0%D1%86%D0%B8%D1%8F","https://www.bing.com/search?q=%D0%95%D0%BA%D0%BE%D0%BF%D1%8A%D1%82%D0%B5%D0%BA%D0%B0%20%D0%B8%20%D0%92%D0%BE%D0%B4%D0%BE%D0%BF%D0%B0%D0%B4%D0%B8%20%22%D0%91%D0%BE%D1%85%D0%B5%D0%BC%D0%B8%D1%8F%22%20%E2%80%93%20%D0%A0%D0%B8%D0%BB%D0%B0%20elevation%20gain","https://www.bing.com/search?q=site%3Aopoznai.bg%20%D0%95%D0%BA%D0%BE%D0%BF%D1%8A%D1%82%D0%B5%D0%BA%D0%B0%20%D0%B8%20%D0%92%D0%BE%D0%B4%D0%BE%D0%BF%D0%B0%D0%B4%D0%B8%20%22%D0%91%D0%BE%D1%85%D0%B5%D0%BC%D0%B8%D1%8F%22%20%E2%80%93%20%D0%A0%D0%B8%D0%BB%D0%B0","https://www.bing.com/search?q=site%3Awikiloc.com%20%D0%95%D0%BA%D0%BE%D0%BF%D1%8A%D1%82%D0%B5%D0%BA%D0%B0%20%D0%B8%20%D0%92%D0%BE%D0%B4%D0%BE%D0%BF%D0%B0%D0%B4%D0%B8%20%22%D0%91%D0%BE%D1%85%D0%B5%D0%BC%D0%B8%D1%8F%22%20%E2%80%93%20%D0%A0%D0%B8%D0%BB%D0%B0","https://www.bing.com/search?q=site%3Aalltrails.com%20%D0%95%D0%BA%D0%BE%D0%BF%D1%8A%D1%82%D0%B5%D0%BA%D0%B0%20%D0%B8%20%D0%92%D0%BE%D0%B4%D0%BE%D0%BF%D0%B0%D0%B4%D0%B8%20%22%D0%91%D0%BE%D1%85%D0%B5%D0%BC%D0%B8%D1%8F%22%20%E2%80%93%20%D0%A0%D0%B8%D0%BB%D0%B0","https://www.bing.com/search?q=site%3Akomoot.com%20%D0%95%D0%BA%D0%BE%D0%BF%D1%8A%D1%82%D0%B5%D0%BA%D0%B0%20%D0%B8%20%D0%92%D0%BE%D0%B4%D0%BE%D0%BF%D0%B0%D0%B4%D0%B8%20%22%D0%91%D0%BE%D1%85%D0%B5%D0%BC%D0%B8%D1%8F%22%20%E2%80%93%20%D0%A0%D0%B8%D0%BB%D0%B0","https://www.bing.com/search?q=site%3Abgmountains.org%20%D0%95%D0%BA%D0%BE%D0%BF%D1%8A%D1%82%D0%B5%D0%BA%D0%B0%20%D0%B8%20%D0%92%D0%BE%D0%B4%D0%BE%D0%BF%D0%B0%D0%B4%D0%B8%20%22%D0%91%D0%BE%D1%85%D0%B5%D0%BC%D0%B8%D1%8F%22%20%E2%80%93%20%D0%A0%D0%B8%D0%BB%D0%B0"
"100","Екопътека и Скален феномен ""Марков камък"" – Елена","https://opoznai.bg/","https://www.bing.com/search?q=%D0%95%D0%BA%D0%BE%D0%BF%D1%8A%D1%82%D0%B5%D0%BA%D0%B0%20%D0%B8%20%D0%A1%D0%BA%D0%B0%D0%BB%D0%B5%D0%BD%20%D1%84%D0%B5%D0%BD%D0%BE%D0%BC%D0%B5%D0%BD%20%22%D0%9C%D0%B0%D1%80%D0%BA%D0%BE%D0%B2%20%D0%BA%D0%B0%D0%BC%D1%8A%D0%BA%22%20%E2%80%93%20%D0%95%D0%BB%D0%B5%D0%BD%D0%B0%20%D0%B4%D0%B5%D0%BD%D0%B8%D0%B2%D0%B5%D0%BB%D0%B0%D1%86%D0%B8%D1%8F","https://www.bing.com/search?q=%D0%95%D0%BA%D0%BE%D0%BF%D1%8A%D1%82%D0%B5%D0%BA%D0%B0%20%D0%B8%20%D0%A1%D0%BA%D0%B0%D0%BB%D0%B5%D0%BD%20%D1%84%D0%B5%D0%BD%D0%BE%D0%BC%D0%B5%D0%BD%20%22%D0%9C%D0%B0%D1%80%D0%BA%D0%BE%D0%B2%20%D0%BA%D0%B0%D0%BC%D1%8A%D0%BA%22%20%E2%80%93%20%D0%95%D0%BB%D0%B5%D0%BD%D0%B0%20elevation%20gain","https://www.bing.com/search?q=site%3Aopoznai.bg%20%D0%95%D0%BA%D0%BE%D0%BF%D1%8A%D1%82%D0%B5%D0%BA%D0%B0%20%D0%B8%20%D0%A1%D0%BA%D0%B0%D0%BB%D0%B5%D0%BD%20%D1%84%D0%B5%D0%BD%D0%BE%D0%BC%D0%B5%D0%BD%20%22%D0%9C%D0%B0%D1%80%D0%BA%D0%BE%D0%B2%20%D0%BA%D0%B0%D0%BC%D1%8A%D0%BA%22%20%E2%80%93%20%D0%95%D0%BB%D0%B5%D0%BD%D0%B0","https://www.bing.com/search?q=site%3Awikiloc.com%20%D0%95%D0%BA%D0%BE%D0%BF%D1%8A%D1%82%D0%B5%D0%BA%D0%B0%20%D0%B8%20%D0%A1%D0%BA%D0%B0%D0%BB%D0%B5%D0%BD%20%D1%84%D0%B5%D0%BD%D0%BE%D0%BC%D0%B5%D0%BD%20%22%D0%9C%D0%B0%D1%80%D0%BA%D0%BE%D0%B2%20%D0%BA%D0%B0%D0%BC%D1%8A%D0%BA%22%20%E2%80%93%20%D0%95%D0%BB%D0%B5%D0%BD%D0%B0","https://www.bing.com/search?q=site%3Aalltrails.com%20%D0%95%D0%BA%D0%BE%D0%BF%D1%8A%D1%82%D0%B5%D0%BA%D0%B0%20%D0%B8%20%D0%A1%D0%BA%D0%B0%D0%BB%D0%B5%D0%BD%20%D1%84%D0%B5%D0%BD%D0%BE%D0%BC%D0%B5%D0%BD%20%22%D0%9C%D0%B0%D1%80%D0%BA%D0%BE%D0%B2%20%D0%BA%D0%B0%D0%BC%D1%8A%D0%BA%22%20%E2%80%93%20%D0%95%D0%BB%D0%B5%D0%BD%D0%B0","https://www.bing.com/search?q=site%3Akomoot.com%20%D0%95%D0%BA%D0%BE%D0%BF%D1%8A%D1%82%D0%B5%D0%BA%D0%B0%20%D0%B8%20%D0%A1%D0%BA%D0%B0%D0%BB%D0%B5%D0%BD%20%D1%84%D0%B5%D0%BD%D0%BE%D0%BC%D0%B5%D0%BD%20%22%D0%9C%D0%B0%D1%80%D0%BA%D0%BE%D0%B2%20%D0%BA%D0%B0%D0%BC%D1%8A%D0%BA%22%20%E2%80%93%20%D0%95%D0%BB%D0%B5%D0%BD%D0%B0","https://www.bing.com/search?q=site%3Abgmountains.org%20%D0%95%D0%BA%D0%BE%D0%BF%D1%8A%D1%82%D0%B5%D0%BA%D0%B0%20%D0%B8%20%D0%A1%D0%BA%D0%B0%D0%BB%D0%B5%D0%BD%20%D1%84%D0%B5%D0%BD%D0%BE%D0%BC%D0%B5%D0%BD%20%22%D0%9C%D0%B0%D1%80%D0%BA%D0%BE%D0%B2%20%D0%BA%D0%B0%D0%BC%D1%8A%D0%BA%22%20%E2%80%93%20%D0%95%D0%BB%D0%B5%D0%BD%D0%B0"
"30","Дивите кактуси на Синеморец","Местообитанията са част от Природен парк Странджа.","https://www.bing.com/search?q=%D0%94%D0%B8%D0%B2%D0%B8%D1%82%D0%B5%20%D0%BA%D0%B0%D0%BA%D1%82%D1%83%D1%81%D0%B8%20%D0%BD%D0%B0%20%D0%A1%D0%B8%D0%BD%D0%B5%D0%BC%D0%BE%D1%80%D0%B5%D1%86%20%D0%B4%D0%B5%D0%BD%D0%B8%D0%B2%D0%B5%D0%BB%D0%B0%D1%86%D0%B8%D1%8F","https://www.bing.com/search?q=%D0%94%D0%B8%D0%B2%D0%B8%D1%82%D0%B5%20%D0%BA%D0%B0%D0%BA%D1%82%D1%83%D1%81%D0%B8%20%D0%BD%D0%B0%20%D0%A1%D0%B8%D0%BD%D0%B5%D0%BC%D0%BE%D1%80%D0%B5%D1%86%20elevation%20gain","https://www.bing.com/search?q=site%3Aopoznai.bg%20%D0%94%D0%B8%D0%B2%D0%B8%D1%82%D0%B5%20%D0%BA%D0%B0%D0%BA%D1%82%D1%83%D1%81%D0%B8%20%D0%BD%D0%B0%20%D0%A1%D0%B8%D0%BD%D0%B5%D0%BC%D0%BE%D1%80%D0%B5%D1%86","https://www.bing.com/search?q=site%3Awikiloc.com%20%D0%94%D0%B8%D0%B2%D0%B8%D1%82%D0%B5%20%D0%BA%D0%B0%D0%BA%D1%82%D1%83%D1%81%D0%B8%20%D0%BD%D0%B0%20%D0%A1%D0%B8%D0%BD%D0%B5%D0%BC%D0%BE%D1%80%D0%B5%D1%86","https://www.bing.com/search?q=site%3Aalltrails.com%20%D0%94%D0%B8%D0%B2%D0%B8%D1%82%D0%B5%20%D0%BA%D0%B0%D0%BA%D1%82%D1%83%D1%81%D0%B8%20%D0%BD%D0%B0%20%D0%A1%D0%B8%D0%BD%D0%B5%D0%BC%D0%BE%D1%80%D0%B5%D1%86","https://www.bing.com/search?q=site%3Akomoot.com%20%D0%94%D0%B8%D0%B2%D0%B8%D1%82%D0%B5%20%D0%BA%D0%B0%D0%BA%D1%82%D1%83%D1%81%D0%B8%20%D0%BD%D0%B0%20%D0%A1%D0%B8%D0%BD%D0%B5%D0%BC%D0%BE%D1%80%D0%B5%D1%86","https://www.bing.com/search?q=site%3Abgmountains.org%20%D0%94%D0%B8%D0%B2%D0%B8%D1%82%D0%B5%20%D0%BA%D0%B0%D0%BA%D1%82%D1%83%D1%81%D0%B8%20%D0%BD%D0%B0%20%D0%A1%D0%B8%D0%BD%D0%B5%D0%BC%D0%BE%D1%80%D0%B5%D1%86"
"1","Екопътека ""Ерантис"" – Киреево","https://opoznai.bg/","https://www.bing.com/search?q=%D0%95%D0%BA%D0%BE%D0%BF%D1%8A%D1%82%D0%B5%D0%BA%D0%B0%20%22%D0%95%D1%80%D0%B0%D0%BD%D1%82%D0%B8%D1%81%22%20%E2%80%93%20%D0%9A%D0%B8%D1%80%D0%B5%D0%B5%D0%B2%D0%BE%20%D0%B4%D0%B5%D0%BD%D0%B8%D0%B2%D0%B5%D0%BB%D0%B0%D1%86%D0%B8%D1%8F","https://www.bing.com/search?q=%D0%95%D0%BA%D0%BE%D0%BF%D1%8A%D1%82%D0%B5%D0%BA%D0%B0%20%22%D0%95%D1%80%D0%B0%D0%BD%D1%82%D0%B8%D1%81%22%20%E2%80%93%20%D0%9A%D0%B8%D1%80%D0%B5%D0%B5%D0%B2%D0%BE%20elevation%20gain","https://www.bing.com/search?q=site%3Aopoznai.bg%20%D0%95%D0%BA%D0%BE%D0%BF%D1%8A%D1%82%D0%B5%D0%BA%D0%B0%20%22%D0%95%D1%80%D0%B0%D0%BD%D1%82%D0%B8%D1%81%22%20%E2%80%93%20%D0%9A%D0%B8%D1%80%D0%B5%D0%B5%D0%B2%D0%BE","https://www.bing.com/search?q=site%3Awikiloc.com%20%D0%95%D0%BA%D0%BE%D0%BF%D1%8A%D1%82%D0%B5%D0%BA%D0%B0%20%22%D0%95%D1%80%D0%B0%D0%BD%D1%82%D0%B8%D1%81%22%20%E2%80%93%20%D0%9A%D0%B8%D1%80%D0%B5%D0%B5%D0%B2%D0%BE","https://www.bing.com/search?q=site%3Aalltrails.com%20%D0%95%D0%BA%D0%BE%D0%BF%D1%8A%D1%82%D0%B5%D0%BA%D0%B0%20%22%D0%95%D1%80%D0%B0%D0%BD%D1%82%D0%B8%D1%81%22%20%E2%80%93%20%D0%9A%D0%B8%D1%80%D0%B5%D0%B5%D0%B2%D0%BE","https://www.bing.com/search?q=site%3Akomoot.com%20%D0%95%D0%BA%D0%BE%D0%BF%D1%8A%D1%82%D0%B5%D0%BA%D0%B0%20%22%D0%95%D1%80%D0%B0%D0%BD%D1%82%D0%B8%D1%81%22%20%E2%80%93%20%D0%9A%D0%B8%D1%80%D0%B5%D0%B5%D0%B2%D0%BE","https://www.bing.com/search?q=site%3Abgmountains.org%20%D0%95%D0%BA%D0%BE%D0%BF%D1%8A%D1%82%D0%B5%D0%BA%D0%B0%20%22%D0%95%D1%80%D0%B0%D0%BD%D1%82%D0%B8%D1%81%22%20%E2%80%93%20%D0%9A%D0%B8%D1%80%D0%B5%D0%B5%D0%B2%D0%BE"
"2","Екопътека ""Етър-Соколски манастир""","https://opoznai.bg/","https://www.bing.com/search?q=%D0%95%D0%BA%D0%BE%D0%BF%D1%8A%D1%82%D0%B5%D0%BA%D0%B0%20%22%D0%95%D1%82%D1%8A%D1%80-%D0%A1%D0%BE%D0%BA%D0%BE%D0%BB%D1%81%D0%BA%D0%B8%20%D0%BC%D0%B0%D0%BD%D0%B0%D1%81%D1%82%D0%B8%D1%80%22%20%D0%B4%D0%B5%D0%BD%D0%B8%D0%B2%D0%B5%D0%BB%D0%B0%D1%86%D0%B8%D1%8F","https://www.bing.com/search?q=%D0%95%D0%BA%D0%BE%D0%BF%D1%8A%D1%82%D0%B5%D0%BA%D0%B0%20%22%D0%95%D1%82%D1%8A%D1%80-%D0%A1%D0%BE%D0%BA%D0%BE%D0%BB%D1%81%D0%BA%D0%B8%20%D0%BC%D0%B0%D0%BD%D0%B0%D1%81%D1%82%D0%B8%D1%80%22%20elevation%20gain","https://www.bing.com/search?q=site%3Aopoznai.bg%20%D0%95%D0%BA%D0%BE%D0%BF%D1%8A%D1%82%D0%B5%D0%BA%D0%B0%20%22%D0%95%D1%82%D1%8A%D1%80-%D0%A1%D0%BE%D0%BA%D0%BE%D0%BB%D1%81%D0%BA%D0%B8%20%D0%BC%D0%B0%D0%BD%D0%B0%D1%81%D1%82%D0%B8%D1%80%22","https://www.bing.com/search?q=site%3Awikiloc.com%20%D0%95%D0%BA%D0%BE%D0%BF%D1%8A%D1%82%D0%B5%D0%BA%D0%B0%20%22%D0%95%D1%82%D1%8A%D1%80-%D0%A1%D0%BE%D0%BA%D0%BE%D0%BB%D1%81%D0%BA%D0%B8%20%D0%BC%D0%B0%D0%BD%D0%B0%D1%81%D1%82%D0%B8%D1%80%22","https://www.bing.com/search?q=site%3Aalltrails.com%20%D0%95%D0%BA%D0%BE%D0%BF%D1%8A%D1%82%D0%B5%D0%BA%D0%B0%20%22%D0%95%D1%82%D1%8A%D1%80-%D0%A1%D0%BE%D0%BA%D0%BE%D0%BB%D1%81%D0%BA%D0%B8%20%D0%BC%D0%B0%D0%BD%D0%B0%D1%81%D1%82%D0%B8%D1%80%22","https://www.bing.com/search?q=site%3Akomoot.com%20%D0%95%D0%BA%D0%BE%D0%BF%D1%8A%D1%82%D0%B5%D0%BA%D0%B0%20%22%D0%95%D1%82%D1%8A%D1%80-%D0%A1%D0%BE%D0%BA%D0%BE%D0%BB%D1%81%D0%BA%D0%B8%20%D0%BC%D0%B0%D0%BD%D0%B0%D1%81%D1%82%D0%B8%D1%80%22","https://www.bing.com/search?q=site%3Abgmountains.org%20%D0%95%D0%BA%D0%BE%D0%BF%D1%8A%D1%82%D0%B5%D0%BA%D0%B0%20%22%D0%95%D1%82%D1%8A%D1%80-%D0%A1%D0%BE%D0%BA%D0%BE%D0%BB%D1%81%D0%BA%D0%B8%20%D0%BC%D0%B0%D0%BD%D0%B0%D1%81%D1%82%D0%B8%D1%80%22"
"3","Екопътека ""Збегове"" – Белоградчик","https://opoznai.bg/","https://www.bing.com/search?q=%D0%95%D0%BA%D0%BE%D0%BF%D1%8A%D1%82%D0%B5%D0%BA%D0%B0%20%22%D0%97%D0%B1%D0%B5%D0%B3%D0%BE%D0%B2%D0%B5%22%20%E2%80%93%20%D0%91%D0%B5%D0%BB%D0%BE%D0%B3%D1%80%D0%B0%D0%B4%D1%87%D0%B8%D0%BA%20%D0%B4%D0%B5%D0%BD%D0%B8%D0%B2%D0%B5%D0%BB%D0%B0%D1%86%D0%B8%D1%8F","https://www.bing.com/search?q=%D0%95%D0%BA%D0%BE%D0%BF%D1%8A%D1%82%D0%B5%D0%BA%D0%B0%20%22%D0%97%D0%B1%D0%B5%D0%B3%D0%BE%D0%B2%D0%B5%22%20%E2%80%93%20%D0%91%D0%B5%D0%BB%D0%BE%D0%B3%D1%80%D0%B0%D0%B4%D1%87%D0%B8%D0%BA%20elevation%20gain","https://www.bing.com/search?q=site%3Aopoznai.bg%20%D0%95%D0%BA%D0%BE%D0%BF%D1%8A%D1%82%D0%B5%D0%BA%D0%B0%20%22%D0%97%D0%B1%D0%B5%D0%B3%D0%BE%D0%B2%D0%B5%22%20%E2%80%93%20%D0%91%D0%B5%D0%BB%D0%BE%D0%B3%D1%80%D0%B0%D0%B4%D1%87%D0%B8%D0%BA","https://www.bing.com/search?q=site%3Awikiloc.com%20%D0%95%D0%BA%D0%BE%D0%BF%D1%8A%D1%82%D0%B5%D0%BA%D0%B0%20%22%D0%97%D0%B1%D0%B5%D0%B3%D0%BE%D0%B2%D0%B5%22%20%E2%80%93%20%D0%91%D0%B5%D0%BB%D0%BE%D0%B3%D1%80%D0%B0%D0%B4%D1%87%D0%B8%D0%BA","https://www.bing.com/search?q=site%3Aalltrails.com%20%D0%95%D0%BA%D0%BE%D0%BF%D1%8A%D1%82%D0%B5%D0%BA%D0%B0%20%22%D0%97%D0%B1%D0%B5%D0%B3%D0%BE%D0%B2%D0%B5%22%20%E2%80%93%20%D0%91%D0%B5%D0%BB%D0%BE%D0%B3%D1%80%D0%B0%D0%B4%D1%87%D0%B8%D0%BA","https://www.bing.com/search?q=site%3Akomoot.com%20%D0%95%D0%BA%D0%BE%D0%BF%D1%8A%D1%82%D0%B5%D0%BA%D0%B0%20%22%D0%97%D0%B1%D0%B5%D0%B3%D0%BE%D0%B2%D0%B5%22%20%E2%80%93%20%D0%91%D0%B5%D0%BB%D0%BE%D0%B3%D1%80%D0%B0%D0%B4%D1%87%D0%B8%D0%BA","https://www.bing.com/search?q=site%3Abgmountains.org%20%D0%95%D0%BA%D0%BE%D0%BF%D1%8A%D1%82%D0%B5%D0%BA%D0%B0%20%22%D0%97%D0%B1%D0%B5%D0%B3%D0%BE%D0%B2%D0%B5%22%20%E2%80%93%20%D0%91%D0%B5%D0%BB%D0%BE%D0%B3%D1%80%D0%B0%D0%B4%D1%87%D0%B8%D0%BA"
"5","Екопътека до ""Първия войнишки паметник"" - с. Алдомировци","https://opoznai.bg/","https://www.bing.com/search?q=%D0%95%D0%BA%D0%BE%D0%BF%D1%8A%D1%82%D0%B5%D0%BA%D0%B0%20%D0%B4%D0%BE%20%22%D0%9F%D1%8A%D1%80%D0%B2%D0%B8%D1%8F%20%D0%B2%D0%BE%D0%B9%D0%BD%D0%B8%D1%88%D0%BA%D0%B8%20%D0%BF%D0%B0%D0%BC%D0%B5%D1%82%D0%BD%D0%B8%D0%BA%22%20-%20%D1%81.%20%D0%90%D0%BB%D0%B4%D0%BE%D0%BC%D0%B8%D1%80%D0%BE%D0%B2%D1%86%D0%B8%20%D0%B4%D0%B5%D0%BD%D0%B8%D0%B2%D0%B5%D0%BB%D0%B0%D1%86%D0%B8%D1%8F","https://www.bing.com/search?q=%D0%95%D0%BA%D0%BE%D0%BF%D1%8A%D1%82%D0%B5%D0%BA%D0%B0%20%D0%B4%D0%BE%20%22%D0%9F%D1%8A%D1%80%D0%B2%D0%B8%D1%8F%20%D0%B2%D0%BE%D0%B9%D0%BD%D0%B8%D1%88%D0%BA%D0%B8%20%D0%BF%D0%B0%D0%BC%D0%B5%D1%82%D0%BD%D0%B8%D0%BA%22%20-%20%D1%81.%20%D0%90%D0%BB%D0%B4%D0%BE%D0%BC%D0%B8%D1%80%D0%BE%D0%B2%D1%86%D0%B8%20elevation%20gain","https://www.bing.com/search?q=site%3Aopoznai.bg%20%D0%95%D0%BA%D0%BE%D0%BF%D1%8A%D1%82%D0%B5%D0%BA%D0%B0%20%D0%B4%D0%BE%20%22%D0%9F%D1%8A%D1%80%D0%B2%D0%B8%D1%8F%20%D0%B2%D0%BE%D0%B9%D0%BD%D0%B8%D1%88%D0%BA%D0%B8%20%D0%BF%D0%B0%D0%BC%D0%B5%D1%82%D0%BD%D0%B8%D0%BA%22%20-%20%D1%81.%20%D0%90%D0%BB%D0%B4%D0%BE%D0%BC%D0%B8%D1%80%D0%BE%D0%B2%D1%86%D0%B8","https://www.bing.com/search?q=site%3Awikiloc.com%20%D0%95%D0%BA%D0%BE%D0%BF%D1%8A%D1%82%D0%B5%D0%BA%D0%B0%20%D0%B4%D0%BE%20%22%D0%9F%D1%8A%D1%80%D0%B2%D0%B8%D1%8F%20%D0%B2%D0%BE%D0%B9%D0%BD%D0%B8%D1%88%D0%BA%D0%B8%20%D0%BF%D0%B0%D0%BC%D0%B5%D1%82%D0%BD%D0%B8%D0%BA%22%20-%20%D1%81.%20%D0%90%D0%BB%D0%B4%D0%BE%D0%BC%D0%B8%D1%80%D0%BE%D0%B2%D1%86%D0%B8","https://www.bing.com/search?q=site%3Aalltrails.com%20%D0%95%D0%BA%D0%BE%D0%BF%D1%8A%D1%82%D0%B5%D0%BA%D0%B0%20%D0%B4%D0%BE%20%22%D0%9F%D1%8A%D1%80%D0%B2%D0%B8%D1%8F%20%D0%B2%D0%BE%D0%B9%D0%BD%D0%B8%D1%88%D0%BA%D0%B8%20%D0%BF%D0%B0%D0%BC%D0%B5%D1%82%D0%BD%D0%B8%D0%BA%22%20-%20%D1%81.%20%D0%90%D0%BB%D0%B4%D0%BE%D0%BC%D0%B8%D1%80%D0%BE%D0%B2%D1%86%D0%B8","https://www.bing.com/search?q=site%3Akomoot.com%20%D0%95%D0%BA%D0%BE%D0%BF%D1%8A%D1%82%D0%B5%D0%BA%D0%B0%20%D0%B4%D0%BE%20%22%D0%9F%D1%8A%D1%80%D0%B2%D0%B8%D1%8F%20%D0%B2%D0%BE%D0%B9%D0%BD%D0%B8%D1%88%D0%BA%D0%B8%20%D0%BF%D0%B0%D0%BC%D0%B5%D1%82%D0%BD%D0%B8%D0%BA%22%20-%20%D1%81.%20%D0%90%D0%BB%D0%B4%D0%BE%D0%BC%D0%B8%D1%80%D0%BE%D0%B2%D1%86%D0%B8","https://www.bing.com/search?q=site%3Abgmountains.org%20%D0%95%D0%BA%D0%BE%D0%BF%D1%8A%D1%82%D0%B5%D0%BA%D0%B0%20%D0%B4%D0%BE%20%22%D0%9F%D1%8A%D1%80%D0%B2%D0%B8%D1%8F%20%D0%B2%D0%BE%D0%B9%D0%BD%D0%B8%D1%88%D0%BA%D0%B8%20%D0%BF%D0%B0%D0%BC%D0%B5%D1%82%D0%BD%D0%B8%D0%BA%22%20-%20%D1%81.%20%D0%90%D0%BB%D0%B4%D0%BE%D0%BC%D0%B8%D1%80%D0%BE%D0%B2%D1%86%D0%B8"
"35","Екопътека до Преображенския манастир","https://opoznai.bg/","https://www.bing.com/search?q=%D0%95%D0%BA%D0%BE%D0%BF%D1%8A%D1%82%D0%B5%D0%BA%D0%B0%20%D0%B4%D0%BE%20%D0%9F%D1%80%D0%B5%D0%BE%D0%B1%D1%80%D0%B0%D0%B6%D0%B5%D0%BD%D1%81%D0%BA%D0%B8%D1%8F%20%D0%BC%D0%B0%D0%BD%D0%B0%D1%81%D1%82%D0%B8%D1%80%20%D0%B4%D0%B5%D0%BD%D0%B8%D0%B2%D0%B5%D0%BB%D0%B0%D1%86%D0%B8%D1%8F","https://www.bing.com/search?q=%D0%95%D0%BA%D0%BE%D0%BF%D1%8A%D1%82%D0%B5%D0%BA%D0%B0%20%D0%B4%D0%BE%20%D0%9F%D1%80%D0%B5%D0%BE%D0%B1%D1%80%D0%B0%D0%B6%D0%B5%D0%BD%D1%81%D0%BA%D0%B8%D1%8F%20%D0%BC%D0%B0%D0%BD%D0%B0%D1%81%D1%82%D0%B8%D1%80%20elevation%20gain","https://www.bing.com/search?q=site%3Aopoznai.bg%20%D0%95%D0%BA%D0%BE%D0%BF%D1%8A%D1%82%D0%B5%D0%BA%D0%B0%20%D0%B4%D0%BE%20%D0%9F%D1%80%D0%B5%D0%BE%D0%B1%D1%80%D0%B0%D0%B6%D0%B5%D0%BD%D1%81%D0%BA%D0%B8%D1%8F%20%D0%BC%D0%B0%D0%BD%D0%B0%D1%81%D1%82%D0%B8%D1%80","https://www.bing.com/search?q=site%3Awikiloc.com%20%D0%95%D0%BA%D0%BE%D0%BF%D1%8A%D1%82%D0%B5%D0%BA%D0%B0%20%D0%B4%D0%BE%20%D0%9F%D1%80%D0%B5%D0%BE%D0%B1%D1%80%D0%B0%D0%B6%D0%B5%D0%BD%D1%81%D0%BA%D0%B8%D1%8F%20%D0%BC%D0%B0%D0%BD%D0%B0%D1%81%D1%82%D0%B8%D1%80","https://www.bing.com/search?q=site%3Aalltrails.com%20%D0%95%D0%BA%D0%BE%D0%BF%D1%8A%D1%82%D0%B5%D0%BA%D0%B0%20%D0%B4%D0%BE%20%D0%9F%D1%80%D0%B5%D0%BE%D0%B1%D1%80%D0%B0%D0%B6%D0%B5%D0%BD%D1%81%D0%BA%D0%B8%D1%8F%20%D0%BC%D0%B0%D0%BD%D0%B0%D1%81%D1%82%D0%B8%D1%80","https://www.bing.com/search?q=site%3Akomoot.com%20%D0%95%D0%BA%D0%BE%D0%BF%D1%8A%D1%82%D0%B5%D0%BA%D0%B0%20%D0%B4%D0%BE%20%D0%9F%D1%80%D0%B5%D0%BE%D0%B1%D1%80%D0%B0%D0%B6%D0%B5%D0%BD%D1%81%D0%BA%D0%B8%D1%8F%20%D0%BC%D0%B0%D0%BD%D0%B0%D1%81%D1%82%D0%B8%D1%80","https://www.bing.com/search?q=site%3Abgmountains.org%20%D0%95%D0%BA%D0%BE%D0%BF%D1%8A%D1%82%D0%B5%D0%BA%D0%B0%20%D0%B4%D0%BE%20%D0%9F%D1%80%D0%B5%D0%BE%D0%B1%D1%80%D0%B0%D0%B6%D0%B5%D0%BD%D1%81%D0%BA%D0%B8%D1%8F%20%D0%BC%D0%B0%D0%BD%D0%B0%D1%81%D1%82%D0%B8%D1%80"
