review_priority,id,name,current_region,nearest_town,latitude,longitude,metadata_source_count,reason,next_action
P1,152,Агушеви конаци,Пловдив,,41.495942,24.63583,2,"Coordinates fall outside the generous Plovdiv review bbox (41.7-42.4 lat, 23.8-25.4 lon).","Review region from coordinates, source URL, and nearest_town before replacing the value."
P1,153,Академика,Пловдив,,42.5936,23.2384,1,"Coordinates fall outside the generous Plovdiv review bbox (41.7-42.4 lat, 23.8-25.4 lon).","Review region from coordinates, source URL, and nearest_town before replacing the value."
P1,154,Аладжа манастир,Пловдив,,43.277567,28.018045,2,"Coordinates fall outside the generous Plovdiv review bbox (41.7-42.4 lat, 23.8-25.4 lon).","Review region from coordinates, source URL, and nearest_town before replacing the value."
P1,156,Алеко,Пловдив,,42.5824,23.2917,1,"Coordinates fall outside the generous Plovdiv review bbox (41.7-42.4 lat, 23.8-25.4 lon).","Review region from coordinates, source URL, and nearest_town before replacing the value."
P1,157,Алея на билките,Пловдив,,42.609708,23.239051,1,"Coordinates fall outside the generous Plovdiv review bbox (41.7-42.4 lat, 23.8-25.4 lon).","Review region from coordinates, source URL, and nearest_town before replacing the value."
P1,158,Али ботуш,Пловдив,,41.40875,23.637389,1,"Coordinates fall outside the generous Plovdiv review bbox (41.7-42.4 lat, 23.8-25.4 lon).","Review region from coordinates, source URL, and nearest_town before replacing the value."
P1,159,Ардинци,Пловдив,,41.4728,24.6346,1,"Coordinates fall outside the generous Plovdiv review bbox (41.7-42.4 lat, 23.8-25.4 lon).","Review region from coordinates, source URL, and nearest_town before replacing the value."
P1,160,Аркутино,Пловдив,,42.326056,27.730611,2,"Coordinates fall outside the generous Plovdiv review bbox (41.7-42.4 lat, 23.8-25.4 lon).","Review region from coordinates, source URL, and nearest_town before replacing the value."
P1,161,Атанасовско езеро,Пловдив,,42.542,27.481,2,"Coordinates fall outside the generous Plovdiv review bbox (41.7-42.4 lat, 23.8-25.4 lon).","Review region from coordinates, source URL, and nearest_town before replacing the value."
P1,162,Баба Вида,Пловдив,,43.99303,22.88634,2,"Coordinates fall outside the generous Plovdiv review bbox (41.7-42.4 lat, 23.8-25.4 lon).","Review region from coordinates, source URL, and nearest_town before replacing the value."
P1,163,Бабин пласт,Пловдив,,43.2753,27.1231,1,"Coordinates fall outside the generous Plovdiv review bbox (41.7-42.4 lat, 23.8-25.4 lon).","Review region from coordinates, source URL, and nearest_town before replacing the value."
P1,164,Бабини Видини кули,Пловдив,,43.99303,22.88634,1,"Coordinates fall outside the generous Plovdiv review bbox (41.7-42.4 lat, 23.8-25.4 lon).","Review region from coordinates, source URL, and nearest_town before replacing the value."
P1,165,Бабско пръскало,Пловдив,,42.704417,25.049028,1,"Coordinates fall outside the generous Plovdiv review bbox (41.7-42.4 lat, 23.8-25.4 lon).","Review region from coordinates, source URL, and nearest_town before replacing the value."
P1,166,Байкушевата мура,Пловдив,,41.767081,23.423163,1,"Coordinates fall outside the generous Plovdiv review bbox (41.7-42.4 lat, 23.8-25.4 lon).","Review region from coordinates, source URL, and nearest_town before replacing the value."
P1,167,Балчик,Пловдив,,43.4046,28.1466,1,"Coordinates fall outside the generous Plovdiv review bbox (41.7-42.4 lat, 23.8-25.4 lon).","Review region from coordinates, source URL, and nearest_town before replacing the value."
P1,169,Беглик таш,Пловдив,,42.309262,27.751421,1,"Coordinates fall outside the generous Plovdiv review bbox (41.7-42.4 lat, 23.8-25.4 lon).","Review region from coordinates, source URL, and nearest_town before replacing the value."
P1,172,Беклемето,Пловдив,,42.780354,24.605942,1,"Coordinates fall outside the generous Plovdiv review bbox (41.7-42.4 lat, 23.8-25.4 lon).","Review region from coordinates, source URL, and nearest_town before replacing the value."
P1,173,Беласица,Пловдив,,41.369885,23.186753,1,"Coordinates fall outside the generous Plovdiv review bbox (41.7-42.4 lat, 23.8-25.4 lon).","Review region from coordinates, source URL, and nearest_town before replacing the value."
P1,174,Бели Искър,Пловдив,,42.243581,23.541072,1,"Coordinates fall outside the generous Plovdiv review bbox (41.7-42.4 lat, 23.8-25.4 lon).","Review region from coordinates, source URL, and nearest_town before replacing the value."
P1,176,Белмекен,Пловдив,,42.14929,23.776416,1,"Coordinates fall outside the generous Plovdiv review bbox (41.7-42.4 lat, 23.8-25.4 lon).","Review region from coordinates, source URL, and nearest_town before replacing the value."
P1,177,Белоградчишки скали,Пловдив,,43.61155,22.67712,1,"Coordinates fall outside the generous Plovdiv review bbox (41.7-42.4 lat, 23.8-25.4 lon).","Review region from coordinates, source URL, and nearest_town before replacing the value."
P1,179,Бистрица,Пловдив,Бистрица,42.241004,23.169043,1,"Coordinates fall outside the generous Plovdiv review bbox (41.7-42.4 lat, 23.8-25.4 lon).","Review region from coordinates, source URL, and nearest_town before replacing the value."
P1,180,Бистришко бранище,Пловдив,,42.585,23.36,1,"Coordinates fall outside the generous Plovdiv review bbox (41.7-42.4 lat, 23.8-25.4 lon).","Review region from coordinates, source URL, and nearest_town before replacing the value."
P1,181,Бодрост,Пловдив,,42.043164,23.334354,1,"Coordinates fall outside the generous Plovdiv review bbox (41.7-42.4 lat, 23.8-25.4 lon).","Review region from coordinates, source URL, and nearest_town before replacing the value."
P1,182,Божевски водопад,Пловдив,,42.87143,25.80802,0,"Coordinates fall outside the generous Plovdiv review bbox (41.7-42.4 lat, 23.8-25.4 lon).","Review region from coordinates, source URL, and nearest_town before replacing the value."
P1,183,Божият мост,Пловдив,,43.308889,23.518611,1,"Coordinates fall outside the generous Plovdiv review bbox (41.7-42.4 lat, 23.8-25.4 lon).","Review region from coordinates, source URL, and nearest_town before replacing the value."
P1,184,Болата,Пловдив,,43.382735,28.47022,1,"Coordinates fall outside the generous Plovdiv review bbox (41.7-42.4 lat, 23.8-25.4 lon).","Review region from coordinates, source URL, and nearest_town before replacing the value."
P1,185,Ботев връх,Пловдив,,42.6467,24.9756,1,"Coordinates fall outside the generous Plovdiv review bbox (41.7-42.4 lat, 23.8-25.4 lon).","Review region from coordinates, source URL, and nearest_town before replacing the value."
P1,186,Бродилово,Пловдив,,42.0833,27.85,1,"Coordinates fall outside the generous Plovdiv review bbox (41.7-42.4 lat, 23.8-25.4 lon).","Review region from coordinates, source URL, and nearest_town before replacing the value."
P1,187,Бузлуджа,Пловдив,,42.735947,25.393749,1,"Coordinates fall outside the generous Plovdiv review bbox (41.7-42.4 lat, 23.8-25.4 lon).","Review region from coordinates, source URL, and nearest_town before replacing the value."
P1,188,Буйновско ждрело,Пловдив,,41.649442,24.335073,1,"Coordinates fall outside the generous Plovdiv review bbox (41.7-42.4 lat, 23.8-25.4 lon).","Review region from coordinates, source URL, and nearest_town before replacing the value."
P1,189,Буная,Пловдив,,42.59225,24.3228,1,"Coordinates fall outside the generous Plovdiv review bbox (41.7-42.4 lat, 23.8-25.4 lon).","Review region from coordinates, source URL, and nearest_town before replacing the value."
P1,190,Българи,Пловдив,,42.087988,27.729614,1,"Coordinates fall outside the generous Plovdiv review bbox (41.7-42.4 lat, 23.8-25.4 lon).","Review region from coordinates, source URL, and nearest_town before replacing the value."
P1,191,Бяла река,Пловдив,,42.657538,24.962136,1,"Coordinates fall outside the generous Plovdiv review bbox (41.7-42.4 lat, 23.8-25.4 lon).","Review region from coordinates, source URL, and nearest_town before replacing the value."
P1,192,В царството на зелениката,Пловдив,,42.093567,27.681002,1,"Coordinates fall outside the generous Plovdiv review bbox (41.7-42.4 lat, 23.8-25.4 lon).","Review region from coordinates, source URL, and nearest_town before replacing the value."
P1,193,Варовитец,Пловдив,,42.824047,24.038876,1,"Coordinates fall outside the generous Plovdiv review bbox (41.7-42.4 lat, 23.8-25.4 lon).","Review region from coordinates, source URL, and nearest_town before replacing the value."
P1,194,Велека,Пловдив,,42.0642,27.9711,1,"Coordinates fall outside the generous Plovdiv review bbox (41.7-42.4 lat, 23.8-25.4 lon).","Review region from coordinates, source URL, and nearest_town before replacing the value."
P1,195,Видимско пръскало,Пловдив,,42.7814,24.921462,1,"Coordinates fall outside the generous Plovdiv review bbox (41.7-42.4 lat, 23.8-25.4 lon).","Review region from coordinates, source URL, and nearest_town before replacing the value."
P1,196,Вкаменената сватба,Пловдив,,41.6447,25.4322,1,"Coordinates fall outside the generous Plovdiv review bbox (41.7-42.4 lat, 23.8-25.4 lon).","Review region from coordinates, source URL, and nearest_town before replacing the value."
P1,197,Врабча,Пловдив,,42.862165,22.701903,1,"Coordinates fall outside the generous Plovdiv review bbox (41.7-42.4 lat, 23.8-25.4 lon).","Review region from coordinates, source URL, and nearest_town before replacing the value."
P1,198,Вратцата,Пловдив,,43.192947,23.518228,1,"Coordinates fall outside the generous Plovdiv review bbox (41.7-42.4 lat, 23.8-25.4 lon).","Review region from coordinates, source URL, and nearest_town before replacing the value."
P1,199,Врелото,Пловдив,,42.9774,23.0441,1,"Coordinates fall outside the generous Plovdiv review bbox (41.7-42.4 lat, 23.8-25.4 lon).","Review region from coordinates, source URL, and nearest_town before replacing the value."
P1,200,Вълчи камък,Пловдив,,41.664222,24.383083,1,"Coordinates fall outside the generous Plovdiv review bbox (41.7-42.4 lat, 23.8-25.4 lon).","Review region from coordinates, source URL, and nearest_town before replacing the value."
P1,201,Геопарк Искър-Панега,Пловдив,,43.238611,24.128611,1,"Coordinates fall outside the generous Plovdiv review bbox (41.7-42.4 lat, 23.8-25.4 lon).","Review region from coordinates, source URL, and nearest_town before replacing the value."
P1,202,Гложенски манастир,Пловдив,,42.973333,24.166389,1,"Coordinates fall outside the generous Plovdiv review bbox (41.7-42.4 lat, 23.8-25.4 lon).","Review region from coordinates, source URL, and nearest_town before replacing the value."
P1,204,Горица,Пловдив,,42.247,23.23,1,"Coordinates fall outside the generous Plovdiv review bbox (41.7-42.4 lat, 23.8-25.4 lon).","Review region from coordinates, source URL, and nearest_town before replacing the value."
P1,205,Горна земя,Пловдив,,41.4728,24.6346,1,"Coordinates fall outside the generous Plovdiv review bbox (41.7-42.4 lat, 23.8-25.4 lon).","Review region from coordinates, source URL, and nearest_town before replacing the value."
P1,206,Градище,Пловдив,,42.8943,25.3283,1,"Coordinates fall outside the generous Plovdiv review bbox (41.7-42.4 lat, 23.8-25.4 lon).","Review region from coordinates, source URL, and nearest_town before replacing the value."
P1,207,Граматиково,Пловдив,,42.0294,27.6536,1,"Coordinates fall outside the generous Plovdiv review bbox (41.7-42.4 lat, 23.8-25.4 lon).","Review region from coordinates, source URL, and nearest_town before replacing the value."
P1,208,Двете реки,Пловдив,,41.657222,23.951944,1,"Coordinates fall outside the generous Plovdiv review bbox (41.7-42.4 lat, 23.8-25.4 lon).","Review region from coordinates, source URL, and nearest_town before replacing the value."
P1,209,Деветашка пещера,Пловдив,,43.233,24.885,2,"Coordinates fall outside the generous Plovdiv review bbox (41.7-42.4 lat, 23.8-25.4 lon).","Review region from coordinates, source URL, and nearest_town before replacing the value."
P1,210,Дерменка,Пловдив,,42.780354,24.605942,1,"Coordinates fall outside the generous Plovdiv review bbox (41.7-42.4 lat, 23.8-25.4 lon).","Review region from coordinates, source URL, and nearest_town before replacing the value."
P1,211,Долмените,Пловдив,,42.062,27.568,1,"Coordinates fall outside the generous Plovdiv review bbox (41.7-42.4 lat, 23.8-25.4 lon).","Review region from coordinates, source URL, and nearest_town before replacing the value."
P1,212,Доспат,Пловдив,Доспат,41.644167,24.161111,1,"Coordinates fall outside the generous Plovdiv review bbox (41.7-42.4 lat, 23.8-25.4 lon).","Review region from coordinates, source URL, and nearest_town before replacing the value."
P1,213,Драгоманско блато,Пловдив,,42.928056,23.053889,1,"Coordinates fall outside the generous Plovdiv review bbox (41.7-42.4 lat, 23.8-25.4 lon).","Review region from coordinates, source URL, and nearest_town before replacing the value."
P1,214,Дуранкулак,Пловдив,,43.673889,28.5375,1,"Coordinates fall outside the generous Plovdiv review bbox (41.7-42.4 lat, 23.8-25.4 lon).","Review region from coordinates, source URL, and nearest_town before replacing the value."
P1,215,Дървото на живота,Пловдив,,41.6386,24.3736,1,"Coordinates fall outside the generous Plovdiv review bbox (41.7-42.4 lat, 23.8-25.4 lon).","Review region from coordinates, source URL, and nearest_town before replacing the value."
P1,216,Дяволски мост,Пловдив,,41.62,25.114167,1,"Coordinates fall outside the generous Plovdiv review bbox (41.7-42.4 lat, 23.8-25.4 lon).","Review region from coordinates, source URL, and nearest_town before replacing the value."
P1,217,Дяволското гърло,Пловдив,,41.615,24.379,1,"Coordinates fall outside the generous Plovdiv review bbox (41.7-42.4 lat, 23.8-25.4 lon).","Review region from coordinates, source URL, and nearest_town before replacing the value."
P1,218,"Екопътека ""Комин дере"" – Лъки",Пловдив,Лъки,42.6786,24.5144,0,"Coordinates fall outside the generous Plovdiv review bbox (41.7-42.4 lat, 23.8-25.4 lon).","Review region from coordinates, source URL, and nearest_town before replacing the value."
P1,222,"Екопътека ""Стара Река"" – Стеврек",Пловдив,Стеврек,42.75,24.45,0,"Coordinates fall outside the generous Plovdiv review bbox (41.7-42.4 lat, 23.8-25.4 lon).","Review region from coordinates, source URL, and nearest_town before replacing the value."
P1,223,"Екопътека ""Стражка могила""",Пловдив,Страж,42.71,24.52,0,"Coordinates fall outside the generous Plovdiv review bbox (41.7-42.4 lat, 23.8-25.4 lon).","Review region from coordinates, source URL, and nearest_town before replacing the value."
P1,226,Енина,Пловдив,Енина,42.673,25.412,1,"Coordinates fall outside the generous Plovdiv review bbox (41.7-42.4 lat, 23.8-25.4 lon).","Review region from coordinates, source URL, and nearest_town before replacing the value."
P1,227,Етрополски водопад,Пловдив,,42.82956,24.00412,1,"Coordinates fall outside the generous Plovdiv review bbox (41.7-42.4 lat, 23.8-25.4 lon).","Review region from coordinates, source URL, and nearest_town before replacing the value."
P1,228,Жеравна,Пловдив,,42.8335,26.4582,1,"Coordinates fall outside the generous Plovdiv review bbox (41.7-42.4 lat, 23.8-25.4 lon).","Review region from coordinates, source URL, and nearest_town before replacing the value."
P1,229,Златна Панега,Пловдив,,43.19313,24.16231,1,"Coordinates fall outside the generous Plovdiv review bbox (41.7-42.4 lat, 23.8-25.4 lon).","Review region from coordinates, source URL, and nearest_town before replacing the value."
P1,230,Златни пясъци,Пловдив,,43.278229,28.017987,1,"Coordinates fall outside the generous Plovdiv review bbox (41.7-42.4 lat, 23.8-25.4 lon).","Review region from coordinates, source URL, and nearest_town before replacing the value."
P1,231,Златните мостове,Пловдив,,42.64104,23.23891,1,"Coordinates fall outside the generous Plovdiv review bbox (41.7-42.4 lat, 23.8-25.4 lon).","Review region from coordinates, source URL, and nearest_town before replacing the value."
P1,232,Златолист,Пловдив,,41.5228,23.3934,1,"Coordinates fall outside the generous Plovdiv review bbox (41.7-42.4 lat, 23.8-25.4 lon).","Review region from coordinates, source URL, and nearest_town before replacing the value."
P1,233,Ивановски скални църкви,Пловдив,,43.69359,25.98664,1,"Coordinates fall outside the generous Plovdiv review bbox (41.7-42.4 lat, 23.8-25.4 lon).","Review region from coordinates, source URL, and nearest_town before replacing the value."
P1,234,Изворите на Младежка,Пловдив,,42.1492,27.3592,1,"Coordinates fall outside the generous Plovdiv review bbox (41.7-42.4 lat, 23.8-25.4 lon).","Review region from coordinates, source URL, and nearest_town before replacing the value."
P1,235,Изворите на река Въча,Пловдив,,41.5592,24.3147,1,"Coordinates fall outside the generous Plovdiv review bbox (41.7-42.4 lat, 23.8-25.4 lon).","Review region from coordinates, source URL, and nearest_town before replacing the value."
P1,236,Индипаска,Пловдив,,41.97962,27.64319,1,"Coordinates fall outside the generous Plovdiv review bbox (41.7-42.4 lat, 23.8-25.4 lon).","Review region from coordinates, source URL, and nearest_town before replacing the value."
P1,237,Искър-Панега,Пловдив,,43.19313,24.16231,1,"Coordinates fall outside the generous Plovdiv review bbox (41.7-42.4 lat, 23.8-25.4 lon).","Review region from coordinates, source URL, and nearest_town before replacing the value."
P1,238,Кадемлийско пръскало,Пловдив,,42.787835,24.991089,1,"Coordinates fall outside the generous Plovdiv review bbox (41.7-42.4 lat, 23.8-25.4 lon).","Review region from coordinates, source URL, and nearest_town before replacing the value."
P1,239,Казанджи дере,Пловдив,,41.626735,24.49455,1,"Coordinates fall outside the generous Plovdiv review bbox (41.7-42.4 lat, 23.8-25.4 lon).","Review region from coordinates, source URL, and nearest_town before replacing the value."
P1,240,Калиакра,Пловдив,,43.37034,28.46328,1,"Coordinates fall outside the generous Plovdiv review bbox (41.7-42.4 lat, 23.8-25.4 lon).","Review region from coordinates, source URL, and nearest_town before replacing the value."
P1,241,Каменни гъби,Пловдив,,41.78253,25.42851,1,"Coordinates fall outside the generous Plovdiv review bbox (41.7-42.4 lat, 23.8-25.4 lon).","Review region from coordinates, source URL, and nearest_town before replacing the value."
P1,242,Камчийски пясъци,Пловдив,,43.034839,27.887561,1,"Coordinates fall outside the generous Plovdiv review bbox (41.7-42.4 lat, 23.8-25.4 lon).","Review region from coordinates, source URL, and nearest_town before replacing the value."
P1,243,Камчия,Пловдив,,43.0305,27.8864,1,"Coordinates fall outside the generous Plovdiv review bbox (41.7-42.4 lat, 23.8-25.4 lon).","Review region from coordinates, source URL, and nearest_town before replacing the value."
P1,244,Каньона на водопадите,Пловдив,,41.57941,24.66442,1,"Coordinates fall outside the generous Plovdiv review bbox (41.7-42.4 lat, 23.8-25.4 lon).","Review region from coordinates, source URL, and nearest_town before replacing the value."
P1,245,Каньонът на река Герзовица,Пловдив,,41.5582,24.6853,1,"Coordinates fall outside the generous Plovdiv review bbox (41.7-42.4 lat, 23.8-25.4 lon).","Review region from coordinates, source URL, and nearest_town before replacing the value."
P1,248,Карандила,Пловдив,,42.71612,26.35409,1,"Coordinates fall outside the generous Plovdiv review bbox (41.7-42.4 lat, 23.8-25.4 lon).","Review region from coordinates, source URL, and nearest_town before replacing the value."
P1,249,Картала,Пловдив,,42.043852,23.361041,1,"Coordinates fall outside the generous Plovdiv review bbox (41.7-42.4 lat, 23.8-25.4 lon).","Review region from coordinates, source URL, and nearest_town before replacing the value."
P1,250,Кечика Кая,Пловдив,,41.4754,24.8693,1,"Coordinates fall outside the generous Plovdiv review bbox (41.7-42.4 lat, 23.8-25.4 lon).","Review region from coordinates, source URL, and nearest_town before replacing the value."
P1,251,Кикиш,Пловдив,,42.6173,23.3055,1,"Coordinates fall outside the generous Plovdiv review bbox (41.7-42.4 lat, 23.8-25.4 lon).","Review region from coordinates, source URL, and nearest_town before replacing the value."
P1,252,Кирилова поляна,Пловдив,,42.162049,23.408358,1,"Coordinates fall outside the generous Plovdiv review bbox (41.7-42.4 lat, 23.8-25.4 lon).","Review region from coordinates, source URL, and nearest_town before replacing the value."
P1,253,Киселчово,Пловдив,Киселчово,41.525722,24.602362,1,"Coordinates fall outside the generous Plovdiv review bbox (41.7-42.4 lat, 23.8-25.4 lon).","Review region from coordinates, source URL, and nearest_town before replacing the value."
P1,254,Княжевска пътека,Пловдив,,42.6521,23.2356,1,"Coordinates fall outside the generous Plovdiv review bbox (41.7-42.4 lat, 23.8-25.4 lon).","Review region from coordinates, source URL, and nearest_town before replacing the value."
P1,255,Кобилино бранище,Пловдив,,42.162049,23.408358,1,"Coordinates fall outside the generous Plovdiv review bbox (41.7-42.4 lat, 23.8-25.4 lon).","Review region from coordinates, source URL, and nearest_town before replacing the value."
P1,256,Кожух планина,Пловдив,,41.459034,23.264221,1,"Coordinates fall outside the generous Plovdiv review bbox (41.7-42.4 lat, 23.8-25.4 lon).","Review region from coordinates, source URL, and nearest_town before replacing the value."
P1,257,Козя стена,Пловдив,,42.7801,24.6186,1,"Coordinates fall outside the generous Plovdiv review bbox (41.7-42.4 lat, 23.8-25.4 lon).","Review region from coordinates, source URL, and nearest_town before replacing the value."
P1,258,Комините,Пловдив,,42.554665,23.428467,1,"Coordinates fall outside the generous Plovdiv review bbox (41.7-42.4 lat, 23.8-25.4 lon).","Review region from coordinates, source URL, and nearest_town before replacing the value."
P1,259,Копитото – Момина скала,Пловдив,,41.3653,23.1119,1,"Coordinates fall outside the generous Plovdiv review bbox (41.7-42.4 lat, 23.8-25.4 lon).","Review region from coordinates, source URL, and nearest_town before replacing the value."
P1,260,Копрен,Пловдив,,41.6558,24.2415,1,"Coordinates fall outside the generous Plovdiv review bbox (41.7-42.4 lat, 23.8-25.4 lon).","Review region from coordinates, source URL, and nearest_town before replacing the value."
P1,261,Кости,Пловдив,,42.6362,23.2435,1,"Coordinates fall outside the generous Plovdiv review bbox (41.7-42.4 lat, 23.8-25.4 lon).","Review region from coordinates, source URL, and nearest_town before replacing the value."
P1,262,Костина,Пловдив,,43.3275,22.8631,1,"Coordinates fall outside the generous Plovdiv review bbox (41.7-42.4 lat, 23.8-25.4 lon).","Review region from coordinates, source URL, and nearest_town before replacing the value."
P1,263,Котел,Пловдив,,42.8889,26.4528,1,"Coordinates fall outside the generous Plovdiv review bbox (41.7-42.4 lat, 23.8-25.4 lon).","Review region from coordinates, source URL, and nearest_town before replacing the value."
P1,264,Крушунски водопади,Пловдив,,43.243542,25.034372,1,"Coordinates fall outside the generous Plovdiv review bbox (41.7-42.4 lat, 23.8-25.4 lon).","Review region from coordinates, source URL, and nearest_town before replacing the value."
P1,266,Кървавата скала,Пловдив,,42.8228,22.6517,0,"Coordinates fall outside the generous Plovdiv review bbox (41.7-42.4 lat, 23.8-25.4 lon).","Review region from coordinates, source URL, and nearest_town before replacing the value."
P1,267,Лакатнишки скали,Пловдив,,43.0886,23.3831,1,"Coordinates fall outside the generous Plovdiv review bbox (41.7-42.4 lat, 23.8-25.4 lon).","Review region from coordinates, source URL, and nearest_town before replacing the value."
P1,268,Леденика,Пловдив,,43.2044,23.4939,1,"Coordinates fall outside the generous Plovdiv review bbox (41.7-42.4 lat, 23.8-25.4 lon).","Review region from coordinates, source URL, and nearest_town before replacing the value."
P1,269,Лешнишки водопад,Пловдив,,41.3653,23.1122,1,"Coordinates fall outside the generous Plovdiv review bbox (41.7-42.4 lat, 23.8-25.4 lon).","Review region from coordinates, source URL, and nearest_town before replacing the value."
P1,270,Лисиците,Пловдив,,41.6167,25.4333,1,"Coordinates fall outside the generous Plovdiv review bbox (41.7-42.4 lat, 23.8-25.4 lon).","Review region from coordinates, source URL, and nearest_town before replacing the value."
P1,271,Лозенски манастир,Пловдив,,42.6014,23.5158,1,"Coordinates fall outside the generous Plovdiv review bbox (41.7-42.4 lat, 23.8-25.4 lon).","Review region from coordinates, source URL, and nearest_town before replacing the value."
P1,272,Ломски каньон,Пловдив,,43.6936,25.9867,1,"Coordinates fall outside the generous Plovdiv review bbox (41.7-42.4 lat, 23.8-25.4 lon).","Review region from coordinates, source URL, and nearest_town before replacing the value."
P1,273,Лъвската глава,Пловдив,,42.3328,27.7333,1,"Coordinates fall outside the generous Plovdiv review bbox (41.7-42.4 lat, 23.8-25.4 lon).","Review region from coordinates, source URL, and nearest_town before replacing the value."
P1,274,Мадарски конник,Пловдив,,43.2758,27.1189,1,"Coordinates fall outside the generous Plovdiv review bbox (41.7-42.4 lat, 23.8-25.4 lon).","Review region from coordinates, source URL, and nearest_town before replacing the value."
P1,275,Мазалат,Пловдив,,42.7553,25.2344,1,"Coordinates fall outside the generous Plovdiv review bbox (41.7-42.4 lat, 23.8-25.4 lon).","Review region from coordinates, source URL, and nearest_town before replacing the value."
P1,276,Малко Търново,Пловдив,,41.9842,27.5228,1,"Coordinates fall outside the generous Plovdiv review bbox (41.7-42.4 lat, 23.8-25.4 lon).","Review region from coordinates, source URL, and nearest_town before replacing the value."
P1,277,Мальовица,Пловдив,,42.2125,23.385,1,"Coordinates fall outside the generous Plovdiv review bbox (41.7-42.4 lat, 23.8-25.4 lon).","Review region from coordinates, source URL, and nearest_town before replacing the value."
P1,279,Маслен нос,Пловдив,,42.3103,27.7811,1,"Coordinates fall outside the generous Plovdiv review bbox (41.7-42.4 lat, 23.8-25.4 lon).","Review region from coordinates, source URL, and nearest_town before replacing the value."
P1,280,Меандри на Арда,Пловдив,,41.6267,25.6833,1,"Coordinates fall outside the generous Plovdiv review bbox (41.7-42.4 lat, 23.8-25.4 lon).","Review region from coordinates, source URL, and nearest_town before replacing the value."
P1,281,Меаните,Пловдив,,41.8344,23.4764,0,"Coordinates fall outside the generous Plovdiv review bbox (41.7-42.4 lat, 23.8-25.4 lon).","Review region from coordinates, source URL, and nearest_town before replacing the value."
P1,282,Медвен,Пловдив,,42.8447,26.5514,1,"Coordinates fall outside the generous Plovdiv review bbox (41.7-42.4 lat, 23.8-25.4 lon).","Review region from coordinates, source URL, and nearest_town before replacing the value."
P1,283,Мелнишки пирамиди,Пловдив,,41.5303,23.4264,1,"Coordinates fall outside the generous Plovdiv review bbox (41.7-42.4 lat, 23.8-25.4 lon).","Review region from coordinates, source URL, and nearest_town before replacing the value."
P1,284,Мечи стъпки,Пловдив,,41.6425,24.6953,0,"Coordinates fall outside the generous Plovdiv review bbox (41.7-42.4 lat, 23.8-25.4 lon).","Review region from coordinates, source URL, and nearest_town before replacing the value."
P1,285,Минерални бани,Пловдив,,42.541236,24.817995,1,"Coordinates fall outside the generous Plovdiv review bbox (41.7-42.4 lat, 23.8-25.4 lon).","Review region from coordinates, source URL, and nearest_town before replacing the value."
P1,286,Мишкова нива,Пловдив,,41.9367,27.4872,1,"Coordinates fall outside the generous Plovdiv review bbox (41.7-42.4 lat, 23.8-25.4 lon).","Review region from coordinates, source URL, and nearest_town before replacing the value."
P1,287,Момчил юнак,Пловдив,,41.6881,24.8153,1,"Coordinates fall outside the generous Plovdiv review bbox (41.7-42.4 lat, 23.8-25.4 lon).","Review region from coordinates, source URL, and nearest_town before replacing the value."
P1,288,Момчилова крепост,Пловдив,,41.5475,24.8322,1,"Coordinates fall outside the generous Plovdiv review bbox (41.7-42.4 lat, 23.8-25.4 lon).","Review region from coordinates, source URL, and nearest_town before replacing the value."
P1,289,Невястата,Пловдив,,41.5836,24.7119,1,"Coordinates fall outside the generous Plovdiv review bbox (41.7-42.4 lat, 23.8-25.4 lon).","Review region from coordinates, source URL, and nearest_town before replacing the value."
P1,290,Обесен камък,Пловдив,,41.9842,27.5228,0,"Coordinates fall outside the generous Plovdiv review bbox (41.7-42.4 lat, 23.8-25.4 lon).","Review region from coordinates, source URL, and nearest_town before replacing the value."
P1,292,Ореляк,Пловдив,,41.5806,23.6339,1,"Coordinates fall outside the generous Plovdiv review bbox (41.7-42.4 lat, 23.8-25.4 lon).","Review region from coordinates, source URL, and nearest_town before replacing the value."
P1,293,Орлови скали,Пловдив,,41.6114,25.1389,1,"Coordinates fall outside the generous Plovdiv review bbox (41.7-42.4 lat, 23.8-25.4 lon).","Review region from coordinates, source URL, and nearest_town before replacing the value."
P1,294,Орлово око,Пловдив,,41.644444,24.348611,1,"Coordinates fall outside the generous Plovdiv review bbox (41.7-42.4 lat, 23.8-25.4 lon).","Review region from coordinates, source URL, and nearest_town before replacing the value."
P1,295,Парилско седло,Пловдив,,41.436111,23.673333,1,"Coordinates fall outside the generous Plovdiv review bbox (41.7-42.4 lat, 23.8-25.4 lon).","Review region from coordinates, source URL, and nearest_town before replacing the value."
P1,296,Пеещи скали,Пловдив,,42.775833,25.048333,1,"Coordinates fall outside the generous Plovdiv review bbox (41.7-42.4 lat, 23.8-25.4 lon).","Review region from coordinates, source URL, and nearest_town before replacing the value."
P1,297,Перперикон,Пловдив,,41.715278,25.473056,1,"Coordinates fall outside the generous Plovdiv review bbox (41.7-42.4 lat, 23.8-25.4 lon).","Review region from coordinates, source URL, and nearest_town before replacing the value."
P1,298,Петрова нива,Пловдив,,42.036667,27.505833,1,"Coordinates fall outside the generous Plovdiv review bbox (41.7-42.4 lat, 23.8-25.4 lon).","Review region from coordinates, source URL, and nearest_town before replacing the value."
P1,299,Пещера Песнопой,Пловдив,,42.4552,24.8119,1,"Coordinates fall outside the generous Plovdiv review bbox (41.7-42.4 lat, 23.8-25.4 lon).","Review region from coordinates, source URL, and nearest_town before replacing the value."
P1,300,Поглед към девет планини,Пловдив,,42.568333,22.825,1,"Coordinates fall outside the generous Plovdiv review bbox (41.7-42.4 lat, 23.8-25.4 lon).","Review region from coordinates, source URL, and nearest_town before replacing the value."
P1,301,Пода,Пловдив,,42.443889,27.464722,1,"Coordinates fall outside the generous Plovdiv review bbox (41.7-42.4 lat, 23.8-25.4 lon).","Review region from coordinates, source URL, and nearest_town before replacing the value."
P1,302,Поломие,Пловдив,,43.693611,25.986667,1,"Coordinates fall outside the generous Plovdiv review bbox (41.7-42.4 lat, 23.8-25.4 lon).","Review region from coordinates, source URL, and nearest_town before replacing the value."
P1,304,Поморие,Пловдив,,42.559,27.637,1,"Coordinates fall outside the generous Plovdiv review bbox (41.7-42.4 lat, 23.8-25.4 lon).","Review region from coordinates, source URL, and nearest_town before replacing the value."
P1,305,Понтийски път,Пловдив,,43.4,28.5,1,"Coordinates fall outside the generous Plovdiv review bbox (41.7-42.4 lat, 23.8-25.4 lon).","Review region from coordinates, source URL, and nearest_town before replacing the value."
P1,306,Попови ливади,Пловдив,,41.551667,23.636667,1,"Coordinates fall outside the generous Plovdiv review bbox (41.7-42.4 lat, 23.8-25.4 lon).","Review region from coordinates, source URL, and nearest_town before replacing the value."
P1,307,Правешка екопътека,Пловдив,,42.898333,23.931667,1,"Coordinates fall outside the generous Plovdiv review bbox (41.7-42.4 lat, 23.8-25.4 lon).","Review region from coordinates, source URL, and nearest_town before replacing the value."
P1,309,Райското пръскало,Пловдив,,42.541389,24.945833,2,"Coordinates fall outside the generous Plovdiv review bbox (41.7-42.4 lat, 23.8-25.4 lon).","Review region from coordinates, source URL, and nearest_town before replacing the value."
P1,310,Резово,Пловдив,,41.986389,28.028611,1,"Coordinates fall outside the generous Plovdiv review bbox (41.7-42.4 lat, 23.8-25.4 lon).","Review region from coordinates, source URL, and nearest_town before replacing the value."
P1,311,Рибарица,Пловдив,,42.828333,24.425,1,"Coordinates fall outside the generous Plovdiv review bbox (41.7-42.4 lat, 23.8-25.4 lon).","Review region from coordinates, source URL, and nearest_town before replacing the value."
P1,312,Рибни езера,Пловдив,,42.162083,23.408472,1,"Coordinates fall outside the generous Plovdiv review bbox (41.7-42.4 lat, 23.8-25.4 lon).","Review region from coordinates, source URL, and nearest_town before replacing the value."
P1,313,Рилски манастир,Пловдив,,42.133333,23.34,1,"Coordinates fall outside the generous Plovdiv review bbox (41.7-42.4 lat, 23.8-25.4 lon).","Review region from coordinates, source URL, and nearest_town before replacing the value."
P1,314,Ритлите,Пловдив,,43.1025,23.6214,1,"Coordinates fall outside the generous Plovdiv review bbox (41.7-42.4 lat, 23.8-25.4 lon).","Review region from coordinates, source URL, and nearest_town before replacing the value."
P1,315,Роженски манастир,Пловдив,,41.5303,23.4264,1,"Coordinates fall outside the generous Plovdiv review bbox (41.7-42.4 lat, 23.8-25.4 lon).","Review region from coordinates, source URL, and nearest_town before replacing the value."
P1,316,Ропотамо,Пловдив,,42.3328,27.7333,1,"Coordinates fall outside the generous Plovdiv review bbox (41.7-42.4 lat, 23.8-25.4 lon).","Review region from coordinates, source URL, and nearest_town before replacing the value."
P1,317,Рупите,Пловдив,,41.4591,23.2642,1,"Coordinates fall outside the generous Plovdiv review bbox (41.7-42.4 lat, 23.8-25.4 lon).","Review region from coordinates, source URL, and nearest_town before replacing the value."
P1,318,Русалка,Пловдив,,42.689622,25.056135,1,"Coordinates fall outside the generous Plovdiv review bbox (41.7-42.4 lat, 23.8-25.4 lon).","Review region from coordinates, source URL, and nearest_town before replacing the value."
P1,319,Самуилова крепост,Пловдив,,41.3831,23.0161,1,"Coordinates fall outside the generous Plovdiv review bbox (41.7-42.4 lat, 23.8-25.4 lon).","Review region from coordinates, source URL, and nearest_town before replacing the value."
P1,320,Сандански,Пловдив,,41.5647,23.2803,1,"Coordinates fall outside the generous Plovdiv review bbox (41.7-42.4 lat, 23.8-25.4 lon).","Review region from coordinates, source URL, and nearest_town before replacing the value."
P1,323,Седемте рилски езера,Пловдив,,42.2405,23.3267,1,"Coordinates fall outside the generous Plovdiv review bbox (41.7-42.4 lat, 23.8-25.4 lon).","Review region from coordinates, source URL, and nearest_town before replacing the value."
P1,324,Силистар,Пловдив,,42.0225,28.0064,1,"Coordinates fall outside the generous Plovdiv review bbox (41.7-42.4 lat, 23.8-25.4 lon).","Review region from coordinates, source URL, and nearest_town before replacing the value."
P1,325,Симеоновски езера,Пловдив,,42.6108,23.3503,1,"Coordinates fall outside the generous Plovdiv review bbox (41.7-42.4 lat, 23.8-25.4 lon).","Review region from coordinates, source URL, and nearest_town before replacing the value."
P1,326,Сините камъни,Пловдив,,42.7161,26.3541,1,"Coordinates fall outside the generous Plovdiv review bbox (41.7-42.4 lat, 23.8-25.4 lon).","Review region from coordinates, source URL, and nearest_town before replacing the value."
P1,327,Синия вир,Пловдив,,42.8447,26.5514,1,"Coordinates fall outside the generous Plovdiv review bbox (41.7-42.4 lat, 23.8-25.4 lon).","Review region from coordinates, source URL, and nearest_town before replacing the value."
P1,328,Скакавица,Пловдив,,42.2325,23.3033,1,"Coordinates fall outside the generous Plovdiv review bbox (41.7-42.4 lat, 23.8-25.4 lon).","Review region from coordinates, source URL, and nearest_town before replacing the value."
P1,329,Скакля,Пловдив,,43.193056,23.541389,1,"Coordinates fall outside the generous Plovdiv review bbox (41.7-42.4 lat, 23.8-25.4 lon).","Review region from coordinates, source URL, and nearest_town before replacing the value."
P1,330,Скални манастири,Пловдив,,43.2778,28.0178,1,"Coordinates fall outside the generous Plovdiv review bbox (41.7-42.4 lat, 23.8-25.4 lon).","Review region from coordinates, source URL, and nearest_town before replacing the value."
P1,331,Скални църкви,Пловдив,,43.6936,25.9867,1,"Coordinates fall outside the generous Plovdiv review bbox (41.7-42.4 lat, 23.8-25.4 lon).","Review region from coordinates, source URL, and nearest_town before replacing the value."
P1,332,Славянка,Пловдив,,41.436111,23.673333,1,"Coordinates fall outside the generous Plovdiv review bbox (41.7-42.4 lat, 23.8-25.4 lon).","Review region from coordinates, source URL, and nearest_town before replacing the value."
P1,333,Соколна,Пловдив,,42.664167,25.158333,1,"Coordinates fall outside the generous Plovdiv review bbox (41.7-42.4 lat, 23.8-25.4 lon).","Review region from coordinates, source URL, and nearest_town before replacing the value."
P1,334,Соколски манастир,Пловдив,,42.833333,25.333333,1,"Coordinates fall outside the generous Plovdiv review bbox (41.7-42.4 lat, 23.8-25.4 lon).","Review region from coordinates, source URL, and nearest_town before replacing the value."
P1,335,Стената,Пловдив,,44.110278,27.065833,1,"Coordinates fall outside the generous Plovdiv review bbox (41.7-42.4 lat, 23.8-25.4 lon).","Review region from coordinates, source URL, and nearest_town before replacing the value."
P1,336,Стобски пирамиди,Пловдив,,42.083333,23.116667,1,"Coordinates fall outside the generous Plovdiv review bbox (41.7-42.4 lat, 23.8-25.4 lon).","Review region from coordinates, source URL, and nearest_town before replacing the value."
P1,337,Странджански дъб,Пловдив,,43.433333,22.583333,1,"Coordinates fall outside the generous Plovdiv review bbox (41.7-42.4 lat, 23.8-25.4 lon).","Review region from coordinates, source URL, and nearest_town before replacing the value."
P1,338,Струилица – Калето – Лъката,Пловдив,,43.197222,24.908333,1,"Coordinates fall outside the generous Plovdiv review bbox (41.7-42.4 lat, 23.8-25.4 lon).","Review region from coordinates, source URL, and nearest_town before replacing the value."
P1,339,Сухото езеро,Пловдив,,42.083333,23.116667,1,"Coordinates fall outside the generous Plovdiv review bbox (41.7-42.4 lat, 23.8-25.4 lon).","Review region from coordinates, source URL, and nearest_town before replacing the value."
P1,341,Табашката пещера,Пловдив,,43.128889,24.7125,1,"Coordinates fall outside the generous Plovdiv review bbox (41.7-42.4 lat, 23.8-25.4 lon).","Review region from coordinates, source URL, and nearest_town before replacing the value."
P1,342,Татул,Пловдив,,41.540278,25.545278,1,"Coordinates fall outside the generous Plovdiv review bbox (41.7-42.4 lat, 23.8-25.4 lon).","Review region from coordinates, source URL, and nearest_town before replacing the value."
P1,343,Торфено бранище,Пловдив,,42.6186,23.3055,1,"Coordinates fall outside the generous Plovdiv review bbox (41.7-42.4 lat, 23.8-25.4 lon).","Review region from coordinates, source URL, and nearest_town before replacing the value."
P1,344,Трански ждрело,Пловдив,,42.858333,22.641667,1,"Coordinates fall outside the generous Plovdiv review bbox (41.7-42.4 lat, 23.8-25.4 lon).","Review region from coordinates, source URL, and nearest_town before replacing the value."
P1,345,Триглав,Пловдив,,42.7111,25.03715,1,"Coordinates fall outside the generous Plovdiv review bbox (41.7-42.4 lat, 23.8-25.4 lon).","Review region from coordinates, source URL, and nearest_town before replacing the value."
P1,346,Триградско ждрело,Пловдив,,41.660278,24.378611,1,"Coordinates fall outside the generous Plovdiv review bbox (41.7-42.4 lat, 23.8-25.4 lon).","Review region from coordinates, source URL, and nearest_town before replacing the value."
P1,347,Трите чуки,Пловдив,,43.376389,22.651667,1,"Coordinates fall outside the generous Plovdiv review bbox (41.7-42.4 lat, 23.8-25.4 lon).","Review region from coordinates, source URL, and nearest_town before replacing the value."
P1,348,Тъжа,Пловдив,,42.646667,25.048333,1,"Coordinates fall outside the generous Plovdiv review bbox (41.7-42.4 lat, 23.8-25.4 lon).","Review region from coordinates, source URL, and nearest_town before replacing the value."
P1,349,Тъмната гора,Пловдив,,41.3875,25.0863,1,"Coordinates fall outside the generous Plovdiv review bbox (41.7-42.4 lat, 23.8-25.4 lon).","Review region from coordinates, source URL, and nearest_town before replacing the value."
P1,350,Узунбуджак,Пловдив,,41.98,27.75,1,"Coordinates fall outside the generous Plovdiv review bbox (41.7-42.4 lat, 23.8-25.4 lon).","Review region from coordinates, source URL, and nearest_town before replacing the value."
P1,351,Урдини езера,Пловдив,,42.222222,23.361111,1,"Coordinates fall outside the generous Plovdiv review bbox (41.7-42.4 lat, 23.8-25.4 lon).","Review region from coordinates, source URL, and nearest_town before replacing the value."
P1,352,Хайдушка песен,Пловдив,,42.8725,24.538333,1,"Coordinates fall outside the generous Plovdiv review bbox (41.7-42.4 lat, 23.8-25.4 lon).","Review region from coordinates, source URL, and nearest_town before replacing the value."
P1,355,Хайдушки чуки,Пловдив,,42.6,24.85,1,"Coordinates fall outside the generous Plovdiv review bbox (41.7-42.4 lat, 23.8-25.4 lon).","Review region from coordinates, source URL, and nearest_town before replacing the value."
P1,356,Халката,Пловдив,,42.707222,26.347778,1,"Coordinates fall outside the generous Plovdiv review bbox (41.7-42.4 lat, 23.8-25.4 lon).","Review region from coordinates, source URL, and nearest_town before replacing the value."
P1,357,Царството на зелениката,Пловдив,,42.103056,27.671389,1,"Coordinates fall outside the generous Plovdiv review bbox (41.7-42.4 lat, 23.8-25.4 lon).","Review region from coordinates, source URL, and nearest_town before replacing the value."
P1,358,Централен Балкан,Пловдив,,42.657538,24.962136,1,"Coordinates fall outside the generous Plovdiv review bbox (41.7-42.4 lat, 23.8-25.4 lon).","Review region from coordinates, source URL, and nearest_town before replacing the value."
P1,360,Чаирски езера,Пловдив,,41.6603,24.3789,1,"Coordinates fall outside the generous Plovdiv review bbox (41.7-42.4 lat, 23.8-25.4 lon).","Review region from coordinates, source URL, and nearest_town before replacing the value."
P1,361,Черепишки манастир,Пловдив,,43.096389,23.606389,1,"Coordinates fall outside the generous Plovdiv review bbox (41.7-42.4 lat, 23.8-25.4 lon).","Review region from coordinates, source URL, and nearest_town before replacing the value."
P1,362,Чернелка,Пловдив,,43.326389,24.498889,1,"Coordinates fall outside the generous Plovdiv review bbox (41.7-42.4 lat, 23.8-25.4 lon).","Review region from coordinates, source URL, and nearest_town before replacing the value."
P1,363,Черни връх,Пловдив,,42.5825,23.2925,1,"Coordinates fall outside the generous Plovdiv review bbox (41.7-42.4 lat, 23.8-25.4 lon).","Review region from coordinates, source URL, and nearest_town before replacing the value."
P1,364,Чипровски водопад,Пловдив,,43.383333,22.883333,1,"Coordinates fall outside the generous Plovdiv review bbox (41.7-42.4 lat, 23.8-25.4 lon).","Review region from coordinates, source URL, and nearest_town before replacing the value."
P1,365,Чифлик,Пловдив,,42.846389,24.453056,1,"Coordinates fall outside the generous Plovdiv review bbox (41.7-42.4 lat, 23.8-25.4 lon).","Review region from coordinates, source URL, and nearest_town before replacing the value."
P1,367,Чуйпетлово,Пловдив,Чуйпетлово,42.502778,23.245833,1,"Coordinates fall outside the generous Plovdiv review bbox (41.7-42.4 lat, 23.8-25.4 lon).","Review region from coordinates, source URL, and nearest_town before replacing the value."
P1,368,Шабла,Пловдив,,43.5414,28.5956,1,"Coordinates fall outside the generous Plovdiv review bbox (41.7-42.4 lat, 23.8-25.4 lon).","Review region from coordinates, source URL, and nearest_town before replacing the value."
P1,369,Шейтан дере,Пловдив,,41.621389,25.568333,1,"Coordinates fall outside the generous Plovdiv review bbox (41.7-42.4 lat, 23.8-25.4 lon).","Review region from coordinates, source URL, and nearest_town before replacing the value."
P1,370,Шипка,Пловдив,,42.748333,25.321667,1,"Coordinates fall outside the generous Plovdiv review bbox (41.7-42.4 lat, 23.8-25.4 lon).","Review region from coordinates, source URL, and nearest_town before replacing the value."
P1,371,Шипково,Пловдив,,42.88,24.4172,1,"Coordinates fall outside the generous Plovdiv review bbox (41.7-42.4 lat, 23.8-25.4 lon).","Review region from coordinates, source URL, and nearest_town before replacing the value."
P1,373,Шуменско плато,Пловдив,,43.2721,26.8931,1,"Coordinates fall outside the generous Plovdiv review bbox (41.7-42.4 lat, 23.8-25.4 lon).","Review region from coordinates, source URL, and nearest_town before replacing the value."
P1,374,Юмрукчал,Пловдив,,42.71749,24.91712,1,"Coordinates fall outside the generous Plovdiv review bbox (41.7-42.4 lat, 23.8-25.4 lon).","Review region from coordinates, source URL, and nearest_town before replacing the value."
P1,376,Ябланица,Пловдив,,42.8483,22.6794,1,"Coordinates fall outside the generous Plovdiv review bbox (41.7-42.4 lat, 23.8-25.4 lon).","Review region from coordinates, source URL, and nearest_town before replacing the value."
P1,377,Ябланишко ждрело,Пловдив,,42.868,22.6106,1,"Coordinates fall outside the generous Plovdiv review bbox (41.7-42.4 lat, 23.8-25.4 lon).","Review region from coordinates, source URL, and nearest_town before replacing the value."
P1,378,Ягодинска пещера,Пловдив,,41.6311,24.3297,1,"Coordinates fall outside the generous Plovdiv review bbox (41.7-42.4 lat, 23.8-25.4 lon).","Review region from coordinates, source URL, and nearest_town before replacing the value."
P1,379,Яйлата,Пловдив,,43.441017,28.546128,1,"Coordinates fall outside the generous Plovdiv review bbox (41.7-42.4 lat, 23.8-25.4 lon).","Review region from coordinates, source URL, and nearest_town before replacing the value."
P1,380,"до Кирилова поляна
259. \* Екопътека",Пловдив,,42.1334,23.3402,1,"Coordinates fall outside the generous Plovdiv review bbox (41.7-42.4 lat, 23.8-25.4 lon).","Review region from coordinates, source URL, and nearest_town before replacing the value."
P1,381,"до Муратово езеро
247. \* Екопътека",Пловдив,,41.756661,23.416652,1,"Coordinates fall outside the generous Plovdiv review bbox (41.7-42.4 lat, 23.8-25.4 lon).","Review region from coordinates, source URL, and nearest_town before replacing the value."
P1,382,"до Стрелча (Минерални извори)
295. \* Екопътека",Пловдив,,42.50552,24.32181,1,"Coordinates fall outside the generous Plovdiv review bbox (41.7-42.4 lat, 23.8-25.4 lon).","Review region from coordinates, source URL, and nearest_town before replacing the value."
P1,383,"до Тевно езеро
253. \* Екопътека",Пловдив,,41.710556,23.498889,1,"Coordinates fall outside the generous Plovdiv review bbox (41.7-42.4 lat, 23.8-25.4 lon).","Review region from coordinates, source URL, and nearest_town before replacing the value."
P1,384,"до водопад Женското пръскало
277. \* Екопътека",Пловдив,,42.7486,25.0483,1,"Coordinates fall outside the generous Plovdiv review bbox (41.7-42.4 lat, 23.8-25.4 lon).","Review region from coordinates, source URL, and nearest_town before replacing the value."
P1,385,"до връх Богдан
293. \* Екопътека",Пловдив,,42.6416,24.3592,1,"Coordinates fall outside the generous Plovdiv review bbox (41.7-42.4 lat, 23.8-25.4 lon).","Review region from coordinates, source URL, and nearest_town before replacing the value."
P1,386,"до връх Вежен
289. \* Екопътека",Пловдив,,42.7533,24.3983,1,"Coordinates fall outside the generous Plovdiv review bbox (41.7-42.4 lat, 23.8-25.4 lon).","Review region from coordinates, source URL, and nearest_town before replacing the value."
P1,387,"до връх Вихрен (класически маршрут)
245. \* Екопътека",Пловдив,,41.756661,23.416652,1,"Coordinates fall outside the generous Plovdiv review bbox (41.7-42.4 lat, 23.8-25.4 lon).","Review region from coordinates, source URL, and nearest_town before replacing the value."
P1,389,"до връх Половрак
344. \* Екопътека",Пловдив,,42.6001,23.4892,1,"Coordinates fall outside the generous Plovdiv review bbox (41.7-42.4 lat, 23.8-25.4 lon).","Review region from coordinates, source URL, and nearest_town before replacing the value."
P1,393,"към водопад Кадемлийско пръскало
269. \* Екопътека",Пловдив,,42.6467,25.0483,1,"Coordinates fall outside the generous Plovdiv review bbox (41.7-42.4 lat, 23.8-25.4 lon).","Review region from coordinates, source URL, and nearest_town before replacing the value."
P1,395,"към хижа Рай (от Паниците)
283. \* Екопътека",Пловдив,,42.5414,24.9458,1,"Coordinates fall outside the generous Plovdiv review bbox (41.7-42.4 lat, 23.8-25.4 lon).","Review region from coordinates, source URL, and nearest_town before replacing the value."
P1,396,"към хижа Рибни езера
249. \* Екопътека",Пловдив,,42.1622,23.4086,1,"Coordinates fall outside the generous Plovdiv review bbox (41.7-42.4 lat, 23.8-25.4 lon).","Review region from coordinates, source URL, and nearest_town before replacing the value."
P1,397,"към хижа Синаница
241. \* Екопътека",Пловдив,,41.7567,23.4158,1,"Coordinates fall outside the generous Plovdiv review bbox (41.7-42.4 lat, 23.8-25.4 lon).","Review region from coordinates, source URL, and nearest_town before replacing the value."
P1,398,"на Дунавските рибари
326. \* Екопътека",Пловдив,,44,26.6,1,"Coordinates fall outside the generous Plovdiv review bbox (41.7-42.4 lat, 23.8-25.4 lon).","Review region from coordinates, source URL, and nearest_town before replacing the value."
P1,399,"на Рилската иглика
237. \* Екопътека",Пловдив,,42.2217,23.4833,1,"Coordinates fall outside the generous Plovdiv review bbox (41.7-42.4 lat, 23.8-25.4 lon).","Review region from coordinates, source URL, and nearest_town before replacing the value."
P1,400,"на Свободата (Шипка)
279. \* Екопътека",Пловдив,,42.7483,25.3217,1,"Coordinates fall outside the generous Plovdiv review bbox (41.7-42.4 lat, 23.8-25.4 lon).","Review region from coordinates, source URL, and nearest_town before replacing the value."
P1,401,"на Чучулигите
271. \* Екопътека",Пловдив,,43.36,28.47,1,"Coordinates fall outside the generous Plovdiv review bbox (41.7-42.4 lat, 23.8-25.4 lon).","Review region from coordinates, source URL, and nearest_town before replacing the value."
P1,402,"на балканската дива коза
243. \* Екопътека",Пловдив,,41.6708,24.3639,1,"Coordinates fall outside the generous Plovdiv review bbox (41.7-42.4 lat, 23.8-25.4 lon).","Review region from coordinates, source URL, and nearest_town before replacing the value."
P1,403,"на билките (Бродилово)
302. \* Екопътека",Пловдив,,42.0883,27.8542,1,"Coordinates fall outside the generous Plovdiv review bbox (41.7-42.4 lat, 23.8-25.4 lon).","Review region from coordinates, source URL, and nearest_town before replacing the value."
P1,404,на здравето,Пловдив,,42.706,23.14,1,"Coordinates fall outside the generous Plovdiv review bbox (41.7-42.4 lat, 23.8-25.4 lon).","Review region from coordinates, source URL, and nearest_town before replacing the value."
P1,405,"на миньора (Росен)
308. \* Екопътека",Пловдив,,42.3942,27.4261,1,"Coordinates fall outside the generous Plovdiv review bbox (41.7-42.4 lat, 23.8-25.4 lon).","Review region from coordinates, source URL, and nearest_town before replacing the value."
